,10 chunks/story
13343,"[[10, 0, 0, 0, 1, 0, 0, 0, 0, 0], [9, 1, 0, 0, 0, 0, 0, 0, 0, 0], [9, 2, 0, 0, 2, 0, 0, 0, 0, 0], [3, 7, 0, 0, 0, 0, 0, 0, 0, 0], [8, 3, 0, 0, 0, 0, 1, 0, 0, 0], [13, 2, 1, 0, 0, 0, 1, 0, 0, 0], [8, 0, 0, 0, 1, 0, 0, 0, 0, 0], [6, 1, 1, 0, 0, 0, 0, 0, 0, 0], [9, 0, 0, 0, 0, 1, 0, 0, 0, 0], [6, 1, 2, 0, 1, 0, 1, 0, 0, 0]]"
392,"[[3, 2, 0, 0, 0, 0, 0, 0, 0, 0], [6, 2, 0, 0, 1, 0, 0, 0, 0, 0], [7, 1, 1, 0, 1, 0, 0, 0, 0, 0], [4, 1, 1, 0, 1, 0, 0, 2, 0, 0], [9, 0, 2, 0, 0, 0, 0, 0, 0, 0], [7, 0, 0, 0, 0, 0, 0, 0, 0, 0], [7, 0, 0, 1, 0, 1, 0, 0, 0, 0], [6, 0, 0, 0, 0, 1, 0, 0, 0, 0], [6, 0, 0, 0, 0, 0, 0, 0, 1, 0], [1, 2, 1, 0, 0, 0, 0, 0, 0, 0]]"
6957,"[[12, 0, 0, 0, 0, 0, 0, 0, 0, 0], [13, 0, 0, 0, 1, 0, 0, 0, 0, 0], [7, 0, 0, 0, 0, 0, 0, 0, 0, 0], [9, 0, 0, 0, 1, 1, 0, 0, 0, 0], [12, 0, 0, 0, 0, 1, 0, 0, 1, 0], [12, 1, 0, 1, 0, 0, 0, 0, 0, 0], [12, 0, 2, 0, 0, 0, 0, 0, 0, 0], [10, 0, 1, 3, 2, 0, 0, 0, 0, 0], [5, 1, 2, 1, 0, 0, 0, 0, 0, 0], [0, 0, 1, 0, 0, 0, 0, 0, 0, 0]]"
13344,"[[2, 0, 0, 0, 0, 0, 0, 0, 0, 0], [3, 0, 0, 0, 0, 0, 0, 0, 0, 0], [5, 0, 0, 0, 0, 0, 0, 0, 0, 0], [4, 0, 0, 0, 0, 0, 0, 0, 0, 0], [4, 0, 0, 0, 0, 0, 0, 0, 0, 0], [7, 0, 0, 0, 0, 1, 0, 0, 0, 0], [3, 0, 0, 0, 0, 0, 0, 1, 0, 0], [6, 0, 0, 0, 0, 2, 0, 0, 0, 0], [4, 0, 0, 1, 0, 0, 0, 0, 0, 0], [2, 0, 0, 1, 0, 1, 0, 0, 0, 0]]"
12712,"[[12, 1, 0, 0, 0, 0, 0, 0, 0, 0], [8, 0, 0, 0, 2, 2, 0, 0, 0, 0], [7, 0, 0, 0, 0, 1, 0, 0, 0, 0], [8, 0, 0, 0, 0, 1, 0, 0, 0, 0], [6, 1, 0, 0, 1, 1, 0, 0, 0, 0], [10, 0, 0, 0, 3, 2, 0, 0, 0, 0], [6, 1, 0, 2, 0, 0, 0, 0, 0, 0], [9, 2, 1, 0, 0, 0, 0, 0, 0, 0], [5, 1, 1, 0, 1, 0, 0, 0, 0, 0], [2, 0, 0, 0, 0, 0, 0, 0, 0, 0]]"
6961,"[[3, 1, 1, 2, 0, 0, 0, 0, 0, 0], [6, 1, 0, 0, 1, 1, 0, 0, 0, 0], [3, 1, 1, 0, 0, 2, 0, 0, 0, 0], [4, 1, 0, 0, 0, 3, 0, 0, 1, 0], [9, 0, 0, 0, 0, 1, 0, 0, 0, 0], [3, 1, 0, 1, 0, 1, 0, 0, 1, 0], [10, 0, 1, 0, 1, 2, 0, 0, 0, 0], [8, 0, 0, 3, 0, 1, 0, 0, 0, 0], [5, 0, 1, 0, 2, 1, 0, 0, 0, 0], [4, 0, 0, 0, 0, 0, 0, 0, 0, 0]]"
6962,"[[3, 1, 0, 1, 0, 0, 0, 0, 0, 0], [4, 0, 0, 0, 1, 0, 0, 0, 0, 0], [6, 0, 0, 1, 1, 0, 0, 0, 0, 0], [3, 1, 0, 1, 1, 0, 0, 0, 0, 0], [5, 0, 0, 0, 1, 1, 0, 0, 0, 0], [5, 1, 1, 0, 2, 0, 0, 0, 0, 0], [7, 2, 3, 0, 1, 0, 0, 0, 0, 0], [3, 5, 1, 0, 0, 0, 0, 0, 0, 0], [3, 4, 1, 0, 1, 0, 0, 0, 0, 0], [1, 0, 0, 0, 0, 0, 0, 0, 0, 0]]"
12714,"[[5, 0, 0, 0, 0, 0, 0, 0, 0, 0], [7, 1, 0, 0, 0, 0, 0, 0, 0, 0], [8, 0, 0, 0, 0, 0, 0, 0, 1, 0], [9, 0, 1, 0, 1, 0, 0, 0, 0, 0], [2, 1, 0, 0, 0, 0, 0, 0, 0, 0], [5, 0, 0, 0, 0, 0, 0, 0, 0, 0], [4, 0, 1, 0, 1, 0, 2, 0, 0, 0], [6, 0, 0, 0, 0, 0, 1, 0, 0, 0], [8, 0, 0, 0, 0, 0, 0, 0, 0, 0], [5, 0, 1, 0, 0, 0, 0, 0, 0, 0]]"
6963,"[[9, 0, 1, 0, 1, 0, 0, 0, 0, 0], [9, 0, 1, 0, 1, 0, 1, 0, 0, 0], [6, 4, 1, 0, 1, 1, 2, 0, 0, 0], [8, 0, 0, 0, 1, 0, 1, 0, 0, 0], [12, 0, 2, 0, 1, 0, 1, 1, 0, 0], [8, 0, 3, 0, 1, 0, 0, 0, 0, 0], [10, 0, 6, 0, 1, 0, 0, 0, 0, 0], [8, 0, 1, 2, 0, 0, 0, 0, 0, 0], [8, 0, 0, 1, 1, 0, 0, 0, 0, 0], [0, 0, 0, 0, 0, 0, 0, 0, 0, 0]]"
12715,"[[6, 0, 0, 0, 0, 0, 0, 0, 0, 0], [5, 0, 0, 0, 0, 0, 0, 1, 0, 0], [6, 0, 1, 0, 1, 0, 0, 0, 0, 0], [3, 0, 0, 0, 0, 0, 0, 0, 0, 0], [7, 0, 0, 0, 0, 0, 0, 0, 0, 0], [3, 0, 1, 0, 0, 1, 0, 0, 0, 0], [0, 0, 0, 0, 0, 0, 0, 0, 0, 0], [3, 0, 0, 0, 0, 0, 0, 0, 0, 0], [4, 0, 0, 0, 0, 0, 0, 0, 0, 0], [2, 0, 1, 1, 0, 0, 0, 2, 0, 0]]"
12716,"[[9, 1, 1, 0, 2, 0, 0, 0, 0, 0], [9, 1, 0, 0, 2, 0, 0, 0, 0, 4], [11, 2, 0, 0, 2, 0, 1, 0, 0, 3], [11, 2, 1, 0, 0, 0, 0, 0, 0, 2], [16, 0, 0, 0, 1, 0, 2, 0, 0, 0], [8, 2, 1, 1, 0, 0, 2, 0, 0, 0], [17, 1, 0, 0, 1, 0, 1, 0, 0, 0], [10, 1, 2, 0, 2, 2, 2, 0, 0, 1], [6, 4, 0, 0, 1, 1, 1, 0, 0, 1], [1, 0, 0, 0, 0, 0, 0, 0, 0, 0]]"
12717,"[[2, 2, 1, 0, 0, 0, 0, 0, 0, 0], [4, 1, 0, 0, 0, 0, 0, 0, 0, 0], [6, 0, 0, 0, 0, 0, 0, 0, 0, 0], [5, 2, 0, 0, 0, 0, 0, 0, 0, 0], [5, 1, 0, 0, 0, 0, 0, 0, 0, 0], [4, 0, 0, 0, 0, 0, 0, 0, 0, 0], [5, 0, 0, 0, 0, 0, 0, 0, 0, 0], [4, 0, 0, 0, 0, 0, 0, 0, 0, 0], [1, 0, 2, 0, 0, 0, 0, 0, 0, 0], [0, 0, 0, 0, 0, 0, 0, 0, 0, 0]]"
12745,"[[3, 0, 1, 0, 0, 0, 0, 0, 0, 0], [2, 0, 0, 0, 0, 0, 0, 0, 0, 0], [5, 0, 0, 0, 1, 0, 0, 0, 0, 0], [4, 1, 0, 0, 0, 0, 0, 0, 0, 0], [4, 1, 2, 0, 0, 0, 0, 0, 0, 0], [4, 1, 0, 0, 0, 0, 0, 0, 0, 0], [7, 1, 0, 0, 0, 0, 0, 0, 1, 0], [5, 1, 1, 0, 0, 0, 0, 0, 0, 0], [4, 0, 3, 0, 0, 0, 0, 0, 0, 0], [1, 0, 1, 0, 0, 0, 0, 0, 0, 0]]"
6603,"[[4, 0, 0, 0, 0, 0, 0, 0, 0, 0], [2, 1, 0, 0, 0, 0, 0, 0, 0, 0], [5, 2, 0, 0, 0, 0, 0, 0, 0, 0], [1, 0, 0, 0, 0, 0, 0, 0, 0, 0], [2, 3, 0, 0, 0, 0, 0, 0, 0, 0], [4, 0, 1, 0, 0, 0, 0, 0, 0, 0], [2, 0, 1, 0, 0, 0, 0, 0, 0, 0], [2, 1, 0, 0, 0, 0, 0, 0, 0, 0], [0, 1, 0, 0, 0, 0, 0, 0, 0, 0], [2, 0, 0, 0, 0, 0, 0, 0, 0, 0]]"
12754,"[[5, 0, 0, 0, 1, 0, 0, 0, 0, 0], [3, 3, 0, 0, 1, 1, 0, 0, 0, 0], [5, 0, 0, 0, 1, 0, 0, 0, 0, 0], [5, 0, 0, 1, 0, 0, 0, 0, 0, 0], [6, 0, 0, 1, 0, 1, 0, 0, 0, 0], [4, 0, 0, 0, 0, 0, 0, 0, 0, 0], [1, 0, 0, 1, 0, 0, 0, 0, 0, 0], [7, 0, 0, 0, 0, 1, 0, 0, 0, 0], [4, 0, 0, 2, 0, 0, 0, 0, 0, 0], [3, 1, 0, 0, 0, 0, 0, 0, 0, 0]]"
12805,"[[1, 2, 2, 0, 0, 0, 0, 0, 0, 0], [2, 0, 0, 0, 0, 0, 0, 0, 0, 0], [2, 0, 0, 0, 0, 0, 0, 0, 0, 0], [5, 0, 0, 0, 0, 0, 0, 0, 0, 0], [4, 0, 0, 0, 0, 0, 0, 0, 0, 0], [5, 0, 1, 0, 0, 0, 0, 0, 0, 0], [2, 1, 2, 0, 0, 0, 0, 0, 0, 0], [3, 2, 0, 0, 0, 0, 0, 0, 0, 0], [4, 1, 0, 0, 0, 0, 0, 0, 0, 0], [0, 2, 1, 0, 0, 0, 0, 0, 0, 0]]"
6610,"[[11, 0, 0, 1, 0, 0, 0, 0, 0, 0], [7, 1, 1, 1, 0, 0, 0, 0, 0, 0], [11, 0, 0, 1, 0, 1, 0, 0, 0, 0], [14, 0, 0, 0, 0, 0, 0, 0, 0, 0], [9, 0, 1, 2, 2, 1, 0, 0, 0, 0], [8, 0, 1, 2, 1, 0, 0, 0, 0, 0], [9, 0, 2, 0, 0, 0, 0, 0, 0, 0], [7, 1, 2, 1, 3, 0, 0, 0, 0, 0], [10, 1, 0, 0, 0, 0, 0, 0, 0, 0], [6, 0, 1, 1, 0, 0, 0, 0, 0, 0]]"
12807,"[[4, 1, 0, 0, 0, 0, 0, 0, 0, 0], [1, 3, 0, 0, 1, 0, 0, 0, 0, 0], [4, 3, 0, 0, 0, 0, 0, 0, 0, 0], [7, 0, 0, 0, 0, 0, 0, 0, 0, 0], [10, 0, 0, 0, 0, 0, 0, 0, 0, 0], [10, 0, 2, 0, 0, 0, 0, 0, 0, 0], [8, 0, 0, 0, 1, 0, 0, 0, 0, 0], [2, 1, 2, 0, 1, 0, 0, 0, 0, 0], [8, 0, 0, 0, 0, 0, 0, 0, 0, 0], [6, 0, 0, 0, 0, 0, 0, 1, 0, 0]]"
6615,"[[5, 0, 0, 0, 2, 0, 0, 0, 0, 0], [5, 0, 1, 0, 1, 0, 0, 1, 0, 0], [8, 0, 0, 0, 0, 0, 0, 0, 0, 0], [10, 0, 0, 0, 1, 0, 0, 0, 0, 0], [5, 0, 0, 0, 1, 0, 0, 0, 0, 0], [6, 0, 0, 1, 1, 0, 1, 0, 0, 0], [6, 1, 0, 1, 1, 0, 1, 0, 0, 0], [3, 0, 0, 1, 0, 0, 0, 0, 0, 0], [8, 0, 0, 0, 0, 0, 0, 0, 0, 0], [7, 0, 0, 0, 1, 0, 0, 0, 0, 0]]"
6616,"[[6, 2, 1, 0, 1, 0, 0, 0, 0, 0], [8, 1, 0, 1, 0, 0, 0, 0, 0, 0], [8, 0, 0, 0, 0, 0, 1, 0, 0, 0], [4, 0, 0, 0, 1, 0, 1, 0, 0, 0], [7, 0, 1, 0, 0, 0, 1, 0, 0, 0], [5, 1, 1, 1, 0, 0, 0, 0, 0, 0], [5, 1, 2, 1, 1, 0, 0, 0, 0, 0], [6, 0, 0, 0, 0, 0, 0, 0, 0, 0], [8, 1, 0, 0, 1, 0, 2, 0, 0, 0], [4, 0, 0, 0, 0, 0, 0, 0, 0, 0]]"
3742,"[[11, 10, 1, 0, 1, 1, 0, 0, 0, 0], [17, 1, 0, 2, 0, 0, 0, 0, 0, 0], [17, 1, 1, 0, 2, 0, 0, 0, 0, 0], [19, 0, 0, 0, 2, 4, 0, 0, 0, 0], [26, 0, 0, 0, 1, 0, 0, 0, 0, 0], [20, 0, 0, 1, 2, 2, 0, 0, 0, 0], [18, 2, 1, 1, 1, 1, 0, 0, 0, 0], [14, 2, 1, 2, 1, 0, 0, 0, 0, 0], [15, 4, 1, 0, 1, 1, 0, 0, 0, 0], [3, 0, 1, 0, 0, 0, 0, 0, 0, 0]]"
12810,"[[8, 2, 2, 1, 0, 0, 0, 0, 0, 0], [11, 1, 0, 0, 0, 0, 0, 0, 0, 0], [11, 2, 0, 0, 0, 0, 0, 0, 0, 0], [8, 5, 0, 0, 0, 0, 1, 0, 0, 0], [12, 0, 0, 0, 1, 0, 0, 0, 0, 0], [6, 0, 1, 0, 0, 0, 0, 0, 0, 0], [7, 0, 0, 0, 0, 0, 0, 0, 0, 0], [6, 0, 1, 0, 0, 0, 0, 0, 0, 0], [8, 0, 0, 0, 0, 0, 0, 0, 0, 0], [3, 0, 0, 0, 0, 0, 0, 0, 0, 0]]"
13493,"[[2, 0, 0, 0, 0, 0, 0, 0, 0, 0], [4, 1, 0, 0, 1, 0, 0, 0, 0, 0], [1, 2, 0, 0, 0, 0, 0, 1, 0, 0], [3, 1, 0, 0, 0, 0, 0, 0, 0, 0], [2, 3, 0, 0, 0, 0, 3, 0, 0, 0], [6, 0, 0, 0, 0, 0, 0, 0, 0, 0], [4, 1, 0, 0, 0, 0, 0, 0, 0, 0], [0, 4, 0, 0, 0, 0, 0, 0, 0, 0], [3, 1, 0, 0, 0, 0, 0, 0, 0, 0], [0, 1, 0, 0, 0, 0, 0, 0, 0, 0]]"
13494,"[[8, 3, 0, 2, 1, 0, 0, 0, 0, 0], [10, 1, 1, 0, 0, 2, 0, 0, 0, 0], [8, 0, 0, 1, 0, 1, 0, 0, 0, 0], [7, 0, 0, 1, 0, 1, 0, 0, 2, 0], [7, 0, 0, 0, 1, 0, 0, 0, 1, 0], [13, 0, 1, 1, 0, 1, 0, 0, 0, 0], [4, 0, 1, 1, 0, 0, 0, 0, 0, 0], [10, 2, 0, 1, 1, 0, 0, 0, 0, 0], [4, 0, 1, 0, 0, 0, 0, 0, 0, 0], [8, 2, 0, 0, 0, 0, 0, 0, 0, 0]]"
3749,"[[8, 0, 2, 1, 0, 0, 1, 0, 0, 0], [10, 1, 1, 0, 0, 0, 0, 0, 0, 0], [13, 0, 0, 0, 0, 0, 0, 0, 0, 0], [9, 2, 0, 0, 0, 0, 3, 0, 0, 0], [9, 3, 0, 0, 0, 0, 1, 0, 0, 0], [10, 2, 2, 0, 0, 1, 2, 0, 0, 0], [16, 0, 0, 0, 0, 1, 2, 0, 0, 0], [11, 0, 2, 0, 0, 0, 2, 0, 0, 0], [7, 1, 3, 0, 0, 0, 0, 0, 0, 0], [3, 4, 1, 0, 0, 0, 0, 0, 0, 0]]"
3750,"[[4, 0, 0, 2, 0, 0, 0, 0, 0, 0], [6, 0, 0, 1, 0, 0, 0, 0, 0, 0], [4, 0, 0, 0, 0, 0, 0, 0, 0, 0], [6, 0, 1, 0, 0, 0, 0, 0, 0, 0], [6, 1, 0, 0, 1, 0, 0, 0, 0, 0], [6, 0, 0, 1, 0, 0, 0, 0, 0, 0], [7, 0, 0, 1, 1, 0, 0, 0, 0, 0], [6, 0, 1, 1, 0, 0, 0, 0, 0, 0], [1, 0, 1, 1, 0, 0, 0, 0, 0, 0], [2, 0, 1, 0, 0, 0, 0, 0, 0, 0]]"
3753,"[[7, 3, 1, 0, 0, 0, 0, 0, 0, 0], [9, 0, 1, 0, 0, 1, 0, 0, 3, 0], [17, 1, 1, 3, 0, 0, 0, 0, 0, 0], [15, 0, 0, 2, 0, 0, 1, 0, 0, 0], [16, 3, 1, 2, 0, 0, 2, 0, 0, 0], [13, 1, 1, 1, 3, 0, 0, 0, 0, 0], [15, 0, 0, 0, 1, 0, 1, 1, 0, 0], [23, 1, 3, 0, 0, 0, 0, 0, 0, 0], [18, 1, 3, 1, 2, 0, 0, 0, 0, 0], [9, 1, 2, 0, 2, 0, 0, 0, 0, 0]]"
3754,"[[8, 2, 1, 2, 1, 0, 0, 0, 0, 0], [8, 0, 3, 0, 0, 2, 0, 1, 0, 0], [10, 2, 1, 0, 1, 0, 0, 0, 0, 0], [10, 1, 0, 0, 1, 1, 0, 1, 1, 0], [11, 0, 1, 0, 0, 0, 0, 0, 1, 0], [14, 0, 0, 1, 0, 2, 0, 0, 0, 0], [12, 1, 0, 1, 1, 1, 0, 1, 0, 0], [5, 0, 2, 2, 1, 3, 0, 1, 0, 0], [7, 1, 0, 1, 1, 1, 0, 0, 0, 0], [14, 1, 1, 0, 0, 0, 0, 0, 0, 0]]"
13497,"[[4, 1, 0, 1, 0, 0, 0, 0, 0, 0], [1, 1, 0, 0, 0, 0, 0, 0, 0, 0], [1, 0, 1, 0, 0, 0, 0, 0, 0, 0], [4, 0, 0, 0, 0, 0, 0, 0, 0, 0], [6, 0, 0, 0, 0, 1, 0, 0, 0, 0], [6, 0, 0, 0, 0, 1, 0, 0, 0, 0], [4, 0, 0, 1, 0, 0, 0, 0, 0, 0], [1, 0, 1, 2, 0, 0, 0, 0, 0, 0], [0, 1, 0, 0, 0, 0, 0, 0, 0, 0], [3, 0, 0, 0, 0, 0, 0, 0, 0, 0]]"
3755,"[[9, 0, 0, 0, 0, 0, 1, 0, 0, 0], [7, 1, 0, 0, 1, 0, 1, 0, 0, 0], [5, 5, 0, 0, 0, 0, 0, 0, 0, 0], [9, 2, 0, 0, 2, 0, 1, 0, 0, 0], [7, 1, 2, 0, 2, 0, 0, 0, 0, 0], [9, 0, 0, 0, 1, 0, 1, 0, 0, 0], [13, 0, 1, 0, 1, 0, 0, 0, 0, 0], [9, 0, 0, 0, 2, 0, 0, 0, 0, 0], [5, 1, 1, 0, 0, 0, 0, 0, 0, 0], [4, 0, 0, 0, 1, 0, 0, 0, 0, 0]]"
3756,"[[10, 0, 1, 0, 0, 0, 0, 0, 0, 0], [6, 0, 0, 0, 0, 0, 0, 1, 0, 0], [7, 0, 0, 0, 0, 0, 1, 0, 0, 0], [3, 2, 2, 0, 0, 0, 0, 0, 0, 0], [12, 0, 0, 0, 0, 0, 1, 0, 0, 0], [13, 0, 0, 0, 0, 0, 0, 0, 0, 0], [10, 0, 0, 1, 0, 0, 0, 1, 0, 0], [13, 0, 1, 0, 0, 1, 0, 0, 0, 0], [3, 1, 0, 0, 0, 0, 1, 0, 0, 0], [6, 0, 1, 0, 0, 0, 0, 0, 0, 0]]"
3758,"[[3, 0, 0, 2, 0, 0, 0, 0, 0, 0], [2, 2, 0, 0, 1, 0, 0, 0, 0, 0], [5, 0, 0, 2, 1, 0, 0, 0, 0, 0], [1, 2, 1, 0, 1, 0, 0, 0, 0, 0], [1, 3, 0, 0, 0, 0, 0, 0, 0, 0], [6, 1, 0, 0, 0, 0, 0, 0, 0, 0], [3, 0, 0, 0, 0, 0, 0, 0, 0, 0], [1, 0, 0, 0, 2, 0, 0, 0, 0, 0], [2, 0, 0, 2, 0, 0, 0, 0, 0, 0], [0, 0, 0, 0, 0, 0, 0, 0, 0, 0]]"
13499,"[[8, 0, 3, 1, 0, 0, 1, 0, 0, 0], [11, 1, 1, 0, 0, 0, 0, 0, 0, 0], [13, 0, 0, 0, 0, 0, 0, 0, 0, 0], [9, 2, 0, 0, 0, 0, 3, 0, 0, 0], [9, 3, 0, 0, 0, 0, 1, 0, 0, 0], [10, 2, 2, 0, 0, 1, 2, 0, 0, 0], [15, 0, 1, 0, 0, 1, 2, 0, 0, 0], [11, 0, 2, 0, 0, 0, 2, 0, 0, 0], [8, 1, 3, 0, 0, 0, 0, 0, 0, 0], [4, 4, 1, 0, 0, 0, 0, 0, 0, 0]]"
5482,"[[5, 1, 1, 3, 0, 0, 0, 0, 0, 0], [9, 1, 1, 1, 0, 0, 0, 0, 0, 0], [9, 1, 0, 0, 1, 1, 0, 0, 0, 0], [6, 4, 0, 0, 0, 0, 0, 0, 0, 0], [10, 4, 0, 1, 0, 0, 0, 1, 0, 0], [10, 3, 0, 0, 0, 0, 0, 0, 0, 0], [6, 3, 1, 2, 0, 0, 0, 0, 0, 0], [6, 2, 0, 0, 0, 1, 0, 0, 1, 0], [5, 1, 2, 0, 0, 1, 0, 0, 0, 0], [2, 0, 0, 0, 0, 0, 0, 0, 0, 0]]"
5484,"[[23, 4, 3, 0, 2, 0, 0, 0, 0, 0], [34, 2, 0, 1, 1, 2, 0, 1, 0, 0], [31, 3, 0, 1, 2, 4, 0, 1, 1, 0], [37, 1, 1, 1, 1, 1, 0, 0, 1, 0], [35, 2, 2, 0, 2, 4, 0, 0, 0, 0], [18, 1, 2, 1, 0, 2, 0, 0, 0, 0], [27, 2, 1, 0, 1, 0, 0, 0, 0, 0], [38, 3, 2, 3, 2, 1, 0, 5, 4, 0], [19, 6, 3, 1, 2, 0, 0, 2, 0, 0], [16, 1, 2, 0, 1, 1, 0, 0, 1, 0]]"
13027,"[[1, 0, 0, 1, 0, 0, 0, 0, 0, 0], [1, 0, 0, 1, 0, 0, 0, 0, 0, 0], [4, 0, 0, 0, 0, 0, 0, 0, 0, 0], [2, 0, 0, 0, 0, 0, 0, 0, 0, 0], [3, 0, 0, 0, 0, 0, 0, 0, 0, 0], [1, 0, 0, 1, 0, 0, 0, 0, 0, 0], [4, 0, 0, 1, 0, 0, 0, 0, 0, 0], [1, 1, 1, 0, 0, 0, 0, 0, 0, 0], [1, 0, 0, 0, 0, 0, 0, 0, 0, 0], [0, 0, 0, 0, 0, 0, 0, 0, 0, 0]]"
13028,"[[4, 0, 0, 1, 0, 0, 0, 0, 0, 0], [2, 0, 0, 0, 0, 0, 0, 0, 0, 0], [4, 0, 0, 0, 0, 0, 0, 0, 0, 0], [2, 2, 0, 0, 1, 0, 0, 0, 0, 0], [2, 1, 0, 0, 0, 0, 0, 0, 0, 0], [2, 0, 0, 0, 0, 0, 0, 0, 0, 0], [3, 0, 0, 0, 0, 0, 0, 0, 0, 0], [4, 0, 0, 0, 0, 0, 0, 0, 0, 0], [2, 0, 0, 0, 0, 0, 0, 0, 0, 0], [1, 0, 0, 0, 0, 0, 0, 0, 0, 0]]"
13030,"[[6, 0, 0, 0, 0, 0, 0, 0, 0, 0], [5, 0, 0, 0, 0, 0, 0, 0, 0, 0], [6, 0, 0, 0, 1, 0, 0, 0, 0, 0], [8, 0, 0, 0, 0, 0, 0, 0, 0, 0], [4, 0, 0, 0, 1, 0, 0, 0, 0, 0], [5, 0, 0, 0, 1, 0, 0, 0, 0, 0], [8, 0, 0, 0, 2, 0, 1, 0, 0, 0], [2, 1, 0, 0, 0, 0, 0, 0, 0, 0], [7, 1, 1, 0, 0, 0, 0, 1, 0, 0], [3, 0, 1, 0, 0, 0, 0, 0, 0, 0]]"
13031,"[[6, 0, 1, 1, 0, 0, 0, 0, 0, 0], [5, 5, 0, 0, 0, 0, 0, 0, 0, 0], [2, 2, 0, 0, 0, 0, 0, 0, 0, 0], [4, 1, 0, 1, 0, 0, 0, 0, 0, 0], [2, 1, 2, 0, 0, 0, 0, 0, 0, 0], [5, 1, 1, 1, 0, 0, 0, 0, 0, 0], [6, 0, 1, 0, 0, 0, 0, 0, 0, 0], [7, 0, 0, 0, 1, 0, 0, 0, 0, 0], [0, 4, 0, 0, 0, 0, 0, 0, 0, 0], [2, 0, 0, 0, 0, 0, 0, 0, 0, 0]]"
5489,"[[9, 0, 0, 0, 0, 0, 0, 0, 0, 0], [6, 0, 0, 0, 1, 0, 1, 0, 0, 0], [5, 0, 0, 0, 1, 0, 0, 0, 0, 0], [9, 1, 0, 0, 1, 0, 2, 0, 0, 0], [8, 0, 0, 0, 0, 0, 2, 0, 0, 0], [12, 0, 0, 0, 0, 0, 2, 0, 0, 0], [8, 0, 1, 0, 0, 0, 0, 0, 0, 0], [6, 1, 0, 0, 0, 0, 1, 0, 0, 0], [4, 0, 0, 0, 0, 0, 0, 0, 0, 0], [5, 0, 1, 0, 0, 0, 0, 0, 0, 0]]"
5490,"[[10, 0, 1, 0, 0, 0, 0, 0, 0, 0], [15, 3, 0, 0, 1, 0, 0, 0, 0, 0], [15, 1, 1, 0, 2, 0, 0, 0, 0, 0], [11, 0, 3, 0, 0, 1, 0, 0, 0, 0], [14, 0, 1, 0, 0, 0, 0, 0, 1, 0], [13, 1, 3, 0, 0, 0, 0, 0, 0, 0], [12, 0, 0, 0, 0, 0, 0, 0, 0, 0], [12, 1, 2, 0, 1, 0, 0, 0, 0, 0], [10, 0, 0, 0, 0, 0, 0, 0, 0, 0], [0, 0, 0, 0, 0, 0, 0, 0, 0, 0]]"
5491,"[[11, 0, 0, 0, 1, 0, 0, 0, 0, 0], [9, 1, 1, 0, 0, 0, 0, 0, 0, 0], [4, 3, 1, 0, 2, 0, 2, 0, 0, 0], [8, 1, 1, 0, 2, 0, 0, 0, 0, 0], [10, 0, 0, 0, 1, 0, 1, 0, 0, 0], [13, 0, 0, 0, 1, 0, 0, 0, 0, 0], [8, 0, 1, 0, 0, 0, 0, 0, 0, 0], [7, 3, 2, 0, 1, 0, 0, 0, 0, 0], [8, 0, 0, 0, 0, 0, 0, 0, 0, 0], [3, 0, 0, 0, 0, 0, 0, 0, 0, 0]]"
13035,"[[7, 6, 0, 0, 1, 0, 0, 0, 0, 0], [1, 1, 0, 1, 0, 1, 0, 0, 0, 0], [8, 0, 0, 0, 0, 0, 0, 0, 0, 0], [7, 0, 2, 0, 1, 0, 0, 0, 0, 0], [8, 1, 0, 2, 3, 1, 0, 0, 0, 0], [8, 0, 1, 2, 2, 0, 0, 0, 0, 0], [5, 2, 0, 0, 0, 0, 0, 0, 0, 0], [3, 3, 1, 0, 0, 0, 0, 0, 0, 0], [7, 0, 0, 0, 1, 0, 0, 1, 0, 0], [7, 0, 0, 0, 0, 0, 0, 2, 0, 0]]"
13036,"[[4, 0, 1, 0, 0, 0, 0, 0, 0, 0], [2, 0, 0, 0, 0, 0, 0, 0, 0, 0], [3, 0, 0, 0, 0, 1, 0, 0, 0, 0], [4, 0, 0, 0, 0, 2, 0, 0, 0, 0], [4, 0, 0, 1, 0, 0, 0, 0, 0, 0], [7, 0, 0, 0, 0, 1, 0, 0, 0, 0], [8, 0, 0, 1, 0, 0, 0, 0, 0, 0], [7, 0, 0, 0, 0, 0, 0, 0, 0, 0], [9, 0, 0, 0, 0, 0, 0, 0, 0, 0], [3, 0, 0, 0, 0, 0, 0, 0, 0, 0]]"
13037,"[[6, 0, 0, 1, 0, 0, 0, 0, 0, 0], [3, 1, 0, 0, 0, 0, 0, 0, 0, 0], [3, 0, 0, 1, 1, 1, 0, 0, 0, 0], [6, 0, 1, 0, 1, 0, 0, 0, 0, 0], [6, 0, 0, 1, 0, 0, 0, 0, 0, 0], [4, 0, 0, 1, 0, 0, 0, 0, 0, 0], [4, 0, 0, 2, 0, 0, 0, 0, 0, 0], [6, 1, 0, 0, 0, 0, 0, 0, 0, 0], [2, 0, 0, 0, 1, 0, 0, 1, 0, 0], [4, 0, 1, 0, 0, 0, 0, 1, 0, 0]]"
13038,"[[4, 0, 1, 0, 0, 0, 0, 0, 0, 0], [1, 2, 0, 0, 0, 0, 0, 0, 0, 0], [3, 1, 0, 0, 0, 0, 0, 0, 0, 0], [5, 2, 0, 0, 0, 0, 0, 0, 0, 0], [3, 1, 0, 0, 0, 0, 0, 0, 0, 0], [5, 0, 1, 0, 0, 0, 1, 0, 0, 0], [6, 0, 0, 0, 0, 0, 0, 0, 0, 0], [2, 0, 0, 1, 0, 0, 1, 0, 0, 0], [2, 0, 1, 1, 0, 0, 0, 0, 0, 0], [0, 1, 1, 0, 0, 0, 0, 0, 0, 0]]"
13041,"[[7, 0, 0, 0, 0, 0, 0, 0, 0, 0], [7, 0, 0, 0, 0, 0, 0, 0, 0, 0], [4, 0, 0, 1, 1, 0, 0, 0, 0, 0], [2, 0, 1, 1, 0, 0, 0, 0, 0, 0], [5, 0, 1, 1, 1, 0, 0, 0, 0, 0], [5, 0, 1, 0, 0, 0, 0, 0, 0, 0], [5, 0, 0, 0, 0, 0, 0, 0, 0, 0], [4, 0, 0, 0, 0, 0, 0, 0, 0, 0], [2, 2, 1, 0, 0, 0, 0, 0, 0, 0], [6, 0, 0, 0, 0, 0, 0, 0, 0, 0]]"
13042,"[[2, 3, 0, 1, 0, 0, 0, 0, 0, 0], [3, 0, 0, 0, 1, 0, 0, 0, 0, 0], [2, 0, 0, 0, 0, 0, 0, 0, 0, 0], [8, 0, 0, 0, 0, 0, 0, 0, 0, 0], [7, 1, 0, 0, 1, 0, 0, 0, 0, 0], [4, 0, 0, 0, 1, 0, 0, 0, 0, 0], [1, 1, 0, 0, 0, 0, 0, 1, 0, 0], [1, 0, 1, 0, 0, 1, 0, 0, 0, 0], [2, 3, 1, 0, 0, 0, 0, 0, 0, 0], [0, 1, 0, 0, 0, 0, 0, 0, 0, 0]]"
12938,"[[3, 0, 1, 0, 0, 0, 0, 0, 0, 0], [4, 1, 0, 1, 0, 0, 0, 0, 0, 0], [3, 0, 0, 0, 0, 0, 0, 0, 0, 0], [1, 1, 0, 0, 0, 0, 0, 0, 0, 0], [4, 0, 0, 0, 1, 0, 0, 0, 0, 1], [7, 0, 0, 0, 0, 0, 0, 0, 0, 0], [4, 1, 1, 0, 0, 0, 0, 0, 0, 0], [6, 0, 2, 0, 0, 0, 0, 0, 0, 0], [3, 0, 0, 0, 0, 0, 0, 0, 0, 0], [0, 0, 1, 0, 0, 0, 0, 0, 0, 0]]"
12940,"[[7, 0, 0, 2, 1, 0, 0, 0, 0, 0], [3, 0, 0, 1, 0, 0, 0, 1, 0, 0], [4, 1, 1, 1, 0, 0, 0, 0, 0, 0], [5, 0, 3, 0, 0, 2, 0, 0, 0, 0], [6, 2, 0, 2, 0, 2, 0, 0, 0, 0], [6, 0, 0, 1, 1, 1, 0, 0, 1, 0], [4, 1, 1, 1, 1, 0, 0, 0, 0, 0], [5, 0, 1, 2, 0, 0, 0, 0, 0, 0], [9, 0, 1, 1, 1, 1, 0, 0, 0, 0], [0, 0, 0, 0, 0, 0, 0, 0, 0, 0]]"
12943,"[[9, 0, 0, 0, 0, 0, 0, 0, 0, 0], [12, 0, 0, 0, 0, 0, 1, 0, 0, 0], [5, 0, 0, 0, 2, 0, 0, 3, 0, 0], [10, 0, 0, 0, 2, 0, 1, 1, 0, 0], [9, 0, 0, 0, 0, 0, 1, 0, 0, 0], [6, 0, 0, 0, 0, 0, 0, 0, 0, 0], [5, 0, 1, 1, 0, 0, 1, 0, 0, 0], [7, 0, 1, 1, 1, 0, 0, 0, 0, 0], [7, 0, 0, 0, 0, 0, 0, 0, 0, 0], [4, 0, 0, 0, 2, 0, 0, 1, 0, 0]]"
1525,"[[13, 3, 0, 0, 0, 0, 1, 0, 0, 0], [12, 3, 3, 1, 0, 0, 0, 0, 0, 0], [10, 3, 0, 0, 1, 0, 0, 0, 0, 0], [14, 1, 0, 2, 0, 0, 0, 0, 0, 0], [14, 3, 0, 1, 3, 0, 0, 0, 0, 0], [9, 3, 3, 0, 0, 0, 0, 0, 0, 0], [15, 1, 0, 0, 0, 0, 0, 1, 0, 0], [5, 7, 3, 0, 0, 0, 1, 0, 0, 0], [2, 8, 1, 0, 0, 0, 2, 0, 0, 0], [0, 1, 0, 0, 0, 0, 0, 0, 0, 0]]"
1527,"[[6, 0, 1, 1, 0, 0, 0, 1, 0, 0], [6, 0, 2, 0, 0, 0, 0, 0, 0, 0], [7, 0, 0, 1, 1, 0, 1, 0, 0, 0], [6, 0, 1, 0, 0, 0, 0, 0, 0, 0], [6, 1, 2, 2, 0, 0, 0, 0, 0, 0], [5, 0, 1, 1, 0, 0, 0, 0, 0, 0], [4, 0, 0, 0, 0, 0, 0, 0, 0, 0], [5, 0, 2, 1, 0, 0, 0, 0, 0, 0], [8, 0, 1, 0, 0, 0, 0, 0, 0, 0], [1, 0, 0, 1, 0, 0, 0, 0, 0, 0]]"
12945,"[[2, 3, 0, 0, 0, 0, 0, 0, 0, 0], [6, 1, 0, 0, 1, 0, 0, 0, 0, 0], [3, 1, 0, 0, 0, 0, 0, 0, 0, 0], [2, 0, 0, 1, 1, 0, 0, 0, 0, 0], [6, 0, 0, 0, 0, 0, 0, 0, 0, 0], [6, 0, 0, 0, 1, 1, 1, 0, 0, 0], [3, 2, 0, 0, 0, 0, 0, 0, 0, 0], [6, 0, 0, 0, 0, 1, 0, 0, 0, 0], [2, 0, 2, 0, 1, 1, 1, 0, 0, 0], [0, 0, 0, 0, 0, 0, 0, 0, 0, 0]]"
1530,"[[12, 0, 2, 0, 0, 0, 1, 0, 0, 0], [15, 0, 1, 0, 0, 0, 0, 0, 0, 0], [13, 2, 0, 1, 1, 0, 0, 0, 0, 0], [14, 0, 0, 0, 2, 0, 1, 0, 0, 0], [8, 0, 0, 0, 1, 2, 0, 0, 1, 0], [13, 2, 2, 0, 1, 2, 0, 0, 1, 0], [20, 0, 1, 0, 0, 0, 0, 0, 0, 0], [8, 2, 3, 0, 1, 0, 0, 0, 0, 0], [9, 0, 0, 0, 1, 0, 0, 0, 0, 0], [0, 0, 0, 0, 0, 0, 0, 0, 0, 0]]"
14152,"[[7, 0, 0, 1, 0, 0, 0, 0, 0, 0], [4, 1, 0, 0, 0, 0, 0, 0, 0, 0], [3, 1, 0, 0, 1, 0, 0, 0, 0, 1], [2, 1, 2, 0, 0, 0, 0, 0, 0, 0], [1, 1, 2, 1, 0, 0, 0, 0, 0, 0], [5, 0, 1, 0, 0, 0, 0, 0, 0, 0], [8, 0, 0, 0, 0, 0, 0, 0, 1, 0], [7, 0, 1, 0, 1, 0, 0, 0, 0, 0], [4, 0, 2, 0, 1, 0, 0, 0, 0, 0], [6, 1, 2, 1, 0, 0, 0, 0, 0, 0]]"
12947,"[[7, 1, 0, 0, 0, 0, 1, 0, 0, 0], [7, 0, 2, 0, 0, 0, 0, 0, 0, 0], [3, 2, 0, 0, 0, 0, 0, 0, 0, 0], [9, 1, 1, 0, 1, 0, 0, 0, 0, 0], [3, 3, 0, 0, 1, 0, 0, 0, 0, 0], [9, 0, 1, 0, 0, 0, 0, 0, 0, 0], [6, 1, 1, 1, 1, 0, 0, 0, 0, 0], [4, 0, 0, 0, 0, 0, 0, 0, 0, 0], [8, 0, 1, 0, 0, 0, 1, 0, 0, 0], [2, 0, 0, 0, 0, 0, 0, 0, 0, 0]]"
14139,"[[4, 1, 0, 0, 0, 0, 0, 0, 0, 0], [3, 0, 0, 0, 0, 0, 0, 0, 0, 0], [3, 1, 0, 1, 0, 0, 0, 0, 1, 0], [4, 1, 0, 1, 1, 0, 0, 0, 0, 0], [2, 3, 1, 1, 0, 0, 0, 0, 0, 0], [1, 1, 0, 0, 0, 1, 0, 0, 0, 0], [2, 0, 0, 0, 1, 1, 0, 0, 0, 0], [2, 0, 0, 0, 0, 0, 0, 0, 0, 0], [0, 2, 0, 0, 0, 0, 0, 0, 0, 0], [1, 2, 0, 1, 0, 1, 0, 0, 0, 0]]"
12948,"[[1, 0, 1, 0, 0, 0, 0, 0, 0, 0], [6, 0, 0, 0, 0, 0, 0, 2, 0, 0], [4, 0, 0, 0, 0, 0, 0, 0, 0, 0], [2, 2, 0, 0, 1, 0, 0, 0, 0, 0], [3, 0, 0, 1, 0, 1, 0, 0, 0, 0], [3, 0, 0, 0, 0, 1, 0, 0, 0, 0], [6, 0, 0, 1, 0, 0, 0, 0, 0, 0], [4, 0, 0, 1, 0, 0, 0, 0, 0, 0], [4, 1, 0, 0, 1, 0, 0, 0, 0, 0], [1, 0, 0, 0, 0, 0, 0, 0, 0, 0]]"
12949,"[[2, 0, 0, 0, 0, 0, 0, 0, 0, 0], [1, 0, 0, 0, 0, 0, 2, 0, 0, 0], [2, 0, 0, 0, 0, 0, 1, 0, 0, 0], [2, 0, 0, 0, 0, 0, 0, 0, 0, 0], [3, 0, 0, 0, 0, 0, 0, 0, 0, 0], [7, 0, 0, 0, 0, 0, 0, 0, 0, 0], [5, 0, 0, 0, 0, 0, 0, 0, 0, 0], [3, 0, 0, 0, 0, 0, 0, 0, 0, 0], [3, 1, 0, 0, 0, 0, 0, 0, 0, 0], [3, 0, 0, 0, 0, 0, 0, 0, 0, 0]]"
14140,"[[3, 0, 1, 1, 0, 0, 0, 0, 0, 0], [2, 1, 0, 0, 0, 0, 0, 0, 0, 0], [3, 0, 0, 1, 0, 0, 0, 0, 0, 0], [3, 0, 0, 0, 0, 0, 0, 0, 0, 0], [1, 0, 0, 1, 0, 0, 0, 0, 0, 0], [3, 0, 0, 1, 0, 0, 0, 0, 0, 0], [1, 1, 0, 0, 0, 0, 0, 0, 0, 0], [0, 0, 1, 0, 0, 0, 0, 0, 0, 0], [1, 1, 0, 1, 0, 0, 0, 1, 0, 0], [1, 1, 0, 0, 0, 0, 0, 0, 0, 0]]"
12950,"[[1, 0, 0, 0, 0, 0, 0, 0, 0, 0], [7, 0, 0, 0, 0, 0, 0, 0, 0, 0], [6, 0, 0, 0, 0, 0, 0, 0, 0, 0], [5, 0, 0, 0, 1, 0, 0, 0, 0, 0], [7, 0, 0, 1, 2, 0, 0, 0, 0, 0], [7, 1, 0, 1, 1, 0, 0, 0, 0, 0], [7, 0, 0, 1, 1, 2, 0, 0, 0, 0], [5, 0, 0, 0, 0, 0, 0, 0, 0, 0], [3, 0, 0, 0, 0, 0, 0, 0, 0, 0], [1, 0, 0, 0, 0, 0, 0, 0, 0, 0]]"
4526,"[[1, 0, 0, 0, 0, 0, 0, 0, 0, 0], [7, 0, 0, 0, 0, 0, 0, 0, 0, 0], [6, 0, 0, 0, 0, 0, 0, 0, 0, 0], [5, 0, 0, 0, 1, 0, 0, 0, 0, 0], [7, 0, 0, 1, 2, 0, 0, 0, 0, 0], [7, 1, 0, 1, 1, 0, 0, 0, 0, 0], [7, 0, 0, 1, 1, 2, 0, 0, 0, 0], [5, 0, 0, 0, 0, 0, 0, 0, 0, 0], [3, 0, 0, 0, 0, 0, 0, 0, 0, 0], [1, 0, 0, 0, 0, 0, 0, 0, 0, 0]]"
4528,"[[22, 0, 1, 2, 1, 0, 0, 0, 0, 0], [27, 0, 5, 5, 0, 0, 0, 0, 0, 0], [31, 2, 2, 1, 2, 0, 0, 0, 0, 0], [30, 1, 1, 1, 1, 0, 0, 0, 0, 0], [27, 0, 1, 0, 5, 1, 0, 0, 0, 0], [12, 1, 3, 4, 2, 0, 0, 0, 0, 0], [27, 0, 0, 0, 2, 1, 0, 0, 0, 0], [36, 0, 6, 0, 3, 2, 0, 0, 0, 0], [34, 0, 3, 1, 2, 0, 0, 0, 0, 0], [2, 0, 0, 0, 0, 0, 0, 0, 0, 0]]"
4529,"[[7, 1, 1, 0, 0, 0, 0, 0, 0, 1], [9, 2, 1, 0, 2, 0, 0, 0, 0, 0], [6, 1, 1, 0, 1, 0, 0, 0, 0, 0], [11, 2, 0, 1, 0, 0, 0, 0, 0, 0], [6, 3, 0, 0, 0, 0, 0, 0, 0, 0], [10, 1, 0, 0, 1, 0, 0, 0, 0, 1], [8, 0, 0, 0, 0, 0, 0, 0, 0, 0], [7, 0, 0, 0, 1, 2, 0, 0, 0, 1], [8, 1, 1, 0, 0, 1, 0, 1, 0, 0], [3, 0, 0, 1, 0, 0, 0, 0, 0, 0]]"
12952,"[[0, 1, 0, 0, 1, 0, 0, 0, 0, 0], [2, 1, 0, 0, 0, 0, 0, 0, 0, 0], [2, 0, 0, 0, 0, 0, 0, 0, 0, 0], [1, 0, 1, 0, 0, 0, 0, 0, 0, 0], [4, 0, 0, 0, 0, 0, 0, 0, 0, 0], [2, 0, 0, 0, 0, 0, 0, 0, 0, 0], [4, 1, 0, 0, 0, 0, 0, 0, 0, 0], [1, 2, 2, 0, 0, 0, 0, 0, 0, 0], [2, 0, 0, 0, 0, 0, 0, 0, 0, 0], [2, 0, 0, 0, 1, 0, 0, 1, 0, 0]]"
13586,"[[6, 0, 0, 0, 0, 0, 1, 0, 0, 0], [3, 0, 0, 0, 0, 0, 0, 0, 0, 0], [5, 0, 1, 0, 0, 0, 1, 0, 0, 0], [5, 0, 1, 0, 0, 0, 0, 0, 0, 0], [9, 0, 0, 0, 0, 0, 1, 0, 0, 0], [6, 0, 0, 1, 0, 0, 0, 0, 0, 0], [4, 0, 2, 0, 1, 0, 0, 0, 0, 0], [5, 0, 1, 0, 1, 1, 0, 0, 0, 0], [6, 0, 1, 0, 1, 1, 0, 1, 0, 0], [0, 0, 0, 0, 0, 0, 0, 0, 0, 0]]"
13587,"[[10, 0, 1, 0, 0, 0, 0, 0, 0, 0], [14, 0, 0, 1, 0, 2, 0, 0, 0, 0], [12, 0, 1, 0, 0, 1, 0, 0, 0, 0], [8, 0, 0, 0, 0, 1, 0, 0, 0, 0], [8, 0, 0, 0, 0, 1, 0, 0, 1, 0], [14, 0, 0, 1, 0, 0, 0, 1, 0, 0], [11, 0, 1, 0, 1, 0, 0, 0, 0, 0], [8, 0, 1, 1, 2, 0, 0, 0, 0, 0], [8, 0, 1, 1, 0, 0, 0, 0, 0, 0], [1, 0, 0, 0, 0, 0, 0, 0, 0, 0]]"
4531,"[[12, 0, 1, 0, 1, 0, 0, 0, 0, 0], [10, 0, 0, 0, 1, 0, 0, 0, 0, 0], [10, 1, 0, 0, 0, 0, 0, 0, 0, 0], [9, 0, 0, 0, 1, 0, 0, 0, 0, 0], [9, 1, 1, 0, 0, 0, 0, 0, 0, 0], [7, 3, 0, 0, 2, 0, 0, 0, 0, 0], [11, 3, 1, 0, 0, 0, 1, 0, 1, 0], [13, 0, 2, 0, 3, 2, 1, 0, 0, 0], [7, 0, 2, 0, 1, 0, 2, 0, 0, 0], [5, 0, 2, 0, 0, 0, 0, 0, 0, 0]]"
4533,"[[5, 1, 0, 0, 0, 0, 0, 0, 0, 0], [6, 0, 0, 0, 3, 0, 0, 0, 0, 0], [5, 1, 1, 0, 0, 0, 0, 0, 0, 0], [6, 0, 0, 0, 0, 0, 0, 0, 0, 0], [4, 0, 0, 0, 0, 0, 0, 0, 0, 0], [7, 0, 0, 1, 1, 0, 2, 0, 0, 0], [4, 0, 0, 0, 0, 0, 0, 0, 0, 0], [3, 0, 1, 1, 0, 0, 0, 0, 0, 0], [4, 0, 0, 1, 0, 0, 1, 0, 0, 0], [1, 0, 0, 0, 0, 0, 0, 0, 0, 0]]"
13588,"[[11, 0, 1, 0, 0, 0, 0, 0, 0, 0], [3, 0, 0, 0, 1, 0, 0, 0, 0, 0], [3, 3, 1, 0, 0, 0, 0, 0, 0, 0], [7, 0, 0, 0, 0, 0, 0, 0, 0, 0], [3, 1, 2, 0, 0, 0, 0, 0, 0, 0], [4, 0, 2, 1, 0, 0, 0, 0, 0, 0], [3, 1, 2, 1, 0, 0, 0, 0, 0, 0], [4, 0, 0, 0, 2, 0, 0, 0, 0, 0], [0, 3, 0, 0, 0, 0, 0, 0, 0, 0], [0, 0, 0, 0, 0, 0, 0, 0, 0, 0]]"
13589,"[[7, 0, 0, 0, 0, 0, 0, 0, 0, 0], [3, 0, 0, 0, 0, 0, 0, 0, 0, 0], [5, 1, 0, 1, 0, 0, 0, 0, 0, 0], [6, 1, 1, 0, 0, 0, 0, 0, 0, 0], [5, 0, 0, 0, 0, 1, 0, 0, 0, 0], [7, 1, 0, 0, 0, 1, 0, 0, 0, 0], [6, 0, 1, 0, 0, 0, 0, 0, 0, 0], [4, 0, 1, 2, 0, 0, 0, 0, 0, 0], [6, 0, 0, 0, 0, 0, 0, 0, 0, 0], [4, 0, 0, 0, 0, 0, 0, 0, 0, 0]]"
13590,"[[5, 1, 1, 1, 0, 0, 0, 0, 0, 0], [5, 3, 0, 1, 0, 0, 0, 0, 0, 0], [2, 3, 1, 1, 0, 0, 0, 0, 0, 0], [1, 4, 2, 0, 0, 0, 0, 0, 0, 0], [3, 3, 0, 0, 0, 0, 0, 0, 0, 0], [5, 0, 0, 0, 1, 0, 0, 0, 0, 0], [4, 0, 0, 0, 0, 0, 0, 0, 0, 0], [6, 0, 0, 0, 0, 0, 0, 1, 0, 0], [5, 2, 1, 0, 0, 0, 0, 1, 0, 0], [2, 2, 2, 0, 0, 0, 0, 0, 0, 0]]"
13591,"[[6, 0, 0, 0, 0, 0, 0, 0, 0, 0], [4, 0, 0, 0, 0, 2, 0, 0, 0, 0], [6, 0, 0, 0, 0, 0, 0, 0, 1, 0], [7, 1, 0, 0, 0, 1, 0, 0, 0, 0], [4, 2, 0, 0, 1, 0, 0, 0, 0, 0], [6, 0, 0, 1, 0, 0, 0, 0, 0, 0], [6, 1, 1, 0, 0, 0, 0, 0, 0, 0], [5, 0, 1, 0, 0, 0, 0, 0, 0, 0], [7, 0, 2, 0, 0, 0, 0, 0, 0, 0], [6, 0, 0, 0, 0, 0, 0, 0, 0, 0]]"
13592,"[[6, 0, 0, 2, 0, 0, 0, 0, 0, 0], [3, 0, 1, 0, 0, 0, 0, 0, 0, 0], [1, 3, 0, 0, 1, 0, 0, 0, 0, 0], [4, 0, 0, 0, 0, 0, 0, 0, 0, 0], [3, 0, 3, 0, 0, 0, 0, 0, 0, 0], [4, 1, 1, 0, 1, 0, 0, 0, 0, 0], [3, 0, 1, 0, 0, 0, 0, 1, 0, 0], [4, 0, 2, 0, 0, 0, 0, 0, 0, 0], [5, 0, 1, 0, 0, 0, 0, 0, 0, 0], [2, 0, 0, 0, 0, 0, 0, 0, 0, 0]]"
4534,"[[27, 1, 0, 0, 3, 2, 1, 0, 0, 0], [35, 1, 2, 0, 2, 3, 1, 0, 0, 0], [27, 0, 1, 0, 0, 0, 0, 0, 0, 0], [38, 0, 0, 0, 0, 2, 1, 0, 1, 0], [26, 2, 5, 4, 2, 0, 7, 1, 0, 0], [21, 0, 1, 2, 4, 0, 0, 0, 0, 0], [24, 0, 6, 6, 2, 0, 0, 0, 0, 0], [38, 0, 4, 1, 5, 2, 0, 1, 0, 0], [36, 2, 1, 0, 3, 0, 1, 0, 0, 0], [22, 0, 4, 0, 0, 0, 1, 1, 0, 0]]"
4539,"[[5, 0, 0, 0, 0, 0, 0, 0, 0, 0], [3, 0, 0, 0, 0, 0, 0, 0, 0, 0], [7, 0, 2, 0, 0, 0, 0, 0, 0, 0], [5, 0, 0, 0, 0, 0, 0, 0, 0, 0], [7, 0, 0, 0, 0, 0, 0, 0, 0, 0], [6, 1, 0, 0, 1, 0, 0, 0, 0, 0], [1, 0, 1, 0, 0, 0, 0, 0, 0, 0], [3, 2, 1, 0, 0, 0, 0, 0, 0, 0], [4, 1, 0, 0, 0, 0, 0, 0, 0, 0], [1, 1, 1, 0, 0, 0, 0, 0, 0, 0]]"
13594,"[[5, 0, 0, 0, 0, 0, 0, 0, 0, 0], [8, 1, 0, 0, 0, 0, 0, 0, 0, 0], [6, 1, 0, 0, 1, 0, 1, 0, 0, 0], [7, 0, 0, 0, 0, 0, 1, 0, 0, 0], [5, 0, 0, 0, 0, 0, 0, 0, 0, 0], [2, 0, 1, 0, 0, 0, 0, 0, 0, 0], [1, 0, 1, 1, 0, 0, 1, 0, 0, 0], [2, 0, 1, 2, 1, 0, 0, 0, 0, 0], [2, 3, 0, 0, 0, 0, 0, 0, 0, 0], [1, 0, 0, 0, 0, 0, 0, 0, 0, 0]]"
2681,"[[11, 0, 0, 0, 0, 0, 0, 0, 0, 0], [8, 0, 1, 1, 0, 0, 0, 0, 0, 0], [12, 0, 0, 0, 1, 0, 0, 0, 0, 0], [13, 3, 0, 4, 1, 0, 0, 0, 0, 0], [19, 3, 0, 0, 3, 1, 0, 0, 0, 0], [11, 3, 1, 1, 0, 0, 0, 0, 0, 0], [12, 2, 1, 1, 1, 0, 0, 0, 0, 0], [8, 0, 2, 2, 1, 0, 0, 0, 0, 0], [11, 2, 1, 1, 0, 0, 0, 0, 0, 0], [9, 1, 1, 0, 0, 0, 0, 0, 0, 0]]"
2683,"[[5, 0, 1, 1, 0, 0, 0, 0, 0, 0], [5, 0, 0, 0, 0, 1, 0, 0, 0, 0], [7, 1, 1, 2, 0, 0, 0, 0, 0, 0], [7, 1, 0, 0, 0, 0, 0, 0, 0, 0], [5, 0, 0, 1, 0, 0, 0, 0, 0, 0], [6, 0, 0, 1, 0, 0, 0, 0, 0, 0], [6, 0, 0, 0, 0, 1, 0, 0, 1, 0], [7, 1, 0, 0, 0, 1, 0, 0, 1, 0], [6, 1, 0, 0, 0, 1, 0, 0, 0, 0], [0, 0, 0, 0, 0, 0, 0, 0, 0, 0]]"
2685,"[[3, 1, 2, 2, 0, 0, 0, 0, 0, 0], [7, 2, 0, 0, 0, 1, 0, 0, 0, 0], [4, 1, 0, 2, 0, 1, 0, 0, 0, 0], [6, 1, 0, 0, 0, 0, 0, 0, 0, 0], [9, 1, 0, 0, 0, 1, 0, 0, 0, 0], [4, 2, 1, 0, 0, 0, 0, 0, 0, 0], [11, 0, 0, 0, 0, 0, 0, 0, 2, 0], [10, 1, 1, 1, 0, 1, 0, 0, 0, 0], [8, 0, 1, 0, 0, 1, 0, 0, 0, 0], [0, 0, 0, 0, 0, 0, 0, 0, 0, 0]]"
2689,"[[2, 1, 0, 0, 0, 0, 0, 0, 0, 0], [2, 1, 0, 0, 1, 0, 0, 1, 0, 0], [5, 0, 1, 0, 0, 0, 0, 0, 0, 0], [3, 0, 1, 1, 0, 0, 0, 0, 0, 0], [2, 1, 0, 0, 0, 0, 0, 0, 0, 0], [2, 2, 1, 1, 0, 0, 0, 0, 0, 0], [3, 1, 1, 1, 1, 0, 0, 0, 0, 0], [2, 1, 0, 1, 0, 1, 0, 0, 0, 0], [1, 0, 2, 1, 0, 0, 0, 0, 0, 0], [0, 0, 0, 0, 0, 0, 0, 0, 0, 0]]"
2692,"[[13, 0, 1, 0, 0, 0, 1, 0, 0, 0], [15, 0, 2, 0, 0, 0, 1, 0, 0, 0], [5, 0, 0, 0, 0, 0, 0, 0, 0, 0], [8, 2, 1, 0, 0, 0, 2, 0, 0, 0], [8, 2, 3, 0, 0, 0, 1, 0, 0, 0], [13, 0, 0, 0, 0, 0, 0, 0, 0, 0], [9, 0, 0, 0, 0, 0, 1, 0, 0, 0], [11, 0, 1, 0, 0, 0, 1, 0, 0, 0], [7, 1, 2, 0, 0, 0, 0, 0, 0, 0], [1, 1, 2, 0, 0, 0, 0, 0, 0, 0]]"
2693,"[[8, 0, 1, 0, 0, 0, 0, 0, 0, 0], [7, 0, 0, 1, 1, 0, 0, 0, 0, 0], [6, 0, 0, 0, 0, 0, 0, 0, 0, 0], [5, 0, 1, 0, 1, 0, 0, 0, 0, 0], [7, 0, 0, 0, 2, 0, 0, 2, 0, 0], [6, 0, 0, 0, 1, 0, 0, 0, 0, 0], [4, 0, 1, 0, 1, 0, 0, 0, 0, 0], [5, 0, 0, 0, 2, 0, 0, 0, 0, 0], [6, 0, 1, 0, 0, 0, 0, 0, 0, 0], [2, 1, 3, 0, 0, 0, 0, 0, 0, 0]]"
13129,"[[6, 1, 1, 1, 0, 0, 0, 0, 0, 0], [5, 0, 1, 0, 1, 0, 0, 0, 0, 0], [7, 0, 0, 0, 0, 0, 0, 0, 0, 0], [3, 0, 0, 0, 0, 0, 0, 0, 0, 0], [5, 0, 2, 0, 0, 0, 0, 0, 0, 0], [2, 0, 0, 0, 0, 0, 0, 0, 0, 0], [8, 0, 0, 0, 0, 0, 0, 0, 0, 0], [2, 0, 1, 1, 1, 0, 0, 0, 0, 0], [3, 3, 0, 0, 1, 0, 0, 0, 0, 0], [5, 0, 0, 0, 0, 0, 0, 0, 0, 0]]"
13130,"[[1, 0, 0, 0, 0, 0, 0, 0, 0, 0], [4, 0, 0, 0, 0, 0, 0, 0, 0, 0], [1, 0, 1, 0, 0, 0, 0, 0, 0, 0], [3, 1, 0, 0, 0, 0, 0, 1, 0, 0], [4, 0, 0, 0, 0, 1, 0, 0, 0, 0], [3, 0, 1, 0, 0, 0, 0, 0, 0, 0], [4, 0, 0, 1, 0, 0, 0, 0, 0, 0], [4, 0, 0, 0, 0, 1, 0, 0, 0, 0], [1, 0, 1, 0, 0, 0, 0, 0, 0, 0], [1, 0, 0, 0, 0, 0, 0, 0, 0, 0]]"
13131,"[[4, 0, 0, 1, 0, 0, 0, 0, 0, 0], [3, 0, 0, 0, 0, 0, 0, 0, 0, 0], [2, 1, 2, 0, 0, 0, 0, 0, 0, 0], [1, 0, 1, 0, 1, 0, 0, 0, 0, 0], [3, 0, 0, 0, 1, 0, 0, 0, 0, 0], [2, 1, 2, 0, 1, 0, 0, 0, 0, 0], [3, 0, 2, 0, 0, 0, 0, 0, 0, 0], [3, 0, 0, 0, 0, 0, 0, 0, 0, 0], [1, 2, 1, 0, 0, 0, 0, 0, 0, 0], [0, 1, 0, 0, 0, 0, 0, 0, 0, 0]]"
13132,"[[6, 0, 0, 0, 0, 0, 0, 0, 0, 0], [4, 0, 0, 0, 1, 0, 0, 0, 0, 0], [7, 0, 0, 0, 1, 0, 0, 0, 0, 0], [6, 0, 0, 0, 0, 0, 0, 0, 0, 0], [3, 0, 0, 0, 1, 0, 0, 0, 0, 0], [6, 0, 0, 1, 0, 0, 0, 0, 0, 0], [6, 0, 0, 0, 0, 0, 0, 0, 0, 0], [5, 0, 0, 0, 0, 0, 0, 0, 0, 0], [5, 0, 0, 0, 0, 0, 0, 0, 0, 0], [1, 0, 0, 0, 0, 0, 0, 0, 0, 0]]"
13133,"[[4, 3, 0, 0, 0, 0, 0, 0, 0, 0], [2, 1, 0, 0, 0, 0, 0, 1, 0, 0], [5, 0, 0, 0, 0, 0, 0, 0, 0, 0], [7, 0, 1, 0, 0, 0, 0, 0, 0, 0], [6, 0, 0, 1, 0, 0, 0, 0, 0, 0], [5, 0, 0, 0, 1, 0, 0, 0, 0, 0], [4, 0, 1, 1, 0, 0, 0, 0, 0, 0], [8, 0, 0, 0, 0, 0, 0, 0, 0, 0], [11, 0, 0, 0, 1, 0, 0, 0, 0, 0], [3, 0, 0, 0, 0, 0, 0, 0, 0, 0]]"
13134,"[[5, 0, 3, 0, 0, 0, 0, 0, 0, 0], [5, 2, 0, 0, 0, 0, 0, 0, 0, 0], [5, 0, 0, 0, 0, 0, 0, 0, 0, 0], [6, 0, 1, 1, 0, 0, 0, 0, 0, 0], [2, 1, 0, 0, 0, 0, 0, 0, 0, 0], [5, 1, 0, 0, 2, 0, 0, 0, 1, 0], [4, 0, 2, 0, 1, 0, 0, 0, 0, 0], [7, 0, 0, 0, 0, 0, 0, 0, 0, 0], [6, 1, 0, 0, 0, 0, 0, 0, 0, 0], [0, 0, 0, 0, 0, 0, 0, 0, 0, 0]]"
13136,"[[6, 0, 0, 0, 0, 0, 0, 0, 0, 0], [1, 0, 0, 0, 0, 0, 0, 0, 0, 0], [1, 2, 0, 0, 0, 0, 0, 0, 0, 0], [1, 0, 0, 0, 0, 0, 0, 0, 0, 0], [3, 0, 0, 0, 0, 0, 0, 0, 0, 0], [2, 0, 0, 0, 0, 0, 0, 0, 0, 0], [3, 0, 0, 0, 0, 0, 0, 0, 0, 0], [6, 0, 0, 0, 0, 0, 0, 0, 0, 0], [1, 0, 0, 0, 0, 0, 0, 0, 0, 0], [1, 0, 0, 0, 0, 0, 0, 0, 0, 0]]"
13137,"[[3, 0, 0, 0, 0, 0, 0, 0, 0, 0], [6, 0, 0, 0, 0, 0, 0, 0, 0, 0], [1, 2, 0, 0, 0, 0, 0, 0, 0, 0], [2, 1, 0, 0, 0, 0, 0, 0, 0, 0], [0, 2, 0, 0, 0, 0, 0, 0, 0, 0], [1, 2, 0, 0, 0, 0, 2, 0, 0, 0], [0, 1, 1, 0, 0, 0, 0, 0, 0, 0], [3, 1, 0, 0, 0, 0, 0, 0, 0, 0], [3, 0, 1, 0, 0, 0, 0, 0, 0, 0], [2, 0, 0, 0, 0, 0, 0, 0, 0, 0]]"
1023,"[[13, 4, 2, 1, 1, 0, 0, 0, 0, 0], [17, 0, 2, 3, 2, 2, 0, 0, 0, 0], [11, 7, 0, 1, 0, 1, 0, 0, 0, 0], [19, 0, 1, 0, 0, 2, 0, 0, 0, 0], [18, 1, 0, 1, 0, 2, 0, 0, 0, 0], [13, 0, 0, 1, 0, 1, 0, 0, 0, 0], [26, 0, 0, 0, 0, 2, 0, 0, 0, 0], [9, 9, 2, 0, 0, 0, 0, 0, 0, 0], [10, 4, 1, 0, 1, 1, 0, 0, 0, 0], [17, 2, 1, 1, 0, 0, 0, 0, 0, 0]]"
1024,"[[0, 2, 1, 2, 4, 1, 0, 0, 0, 0], [0, 5, 0, 0, 1, 0, 0, 0, 0, 0], [3, 3, 2, 0, 1, 0, 0, 0, 0, 0], [5, 4, 0, 2, 3, 0, 0, 0, 0, 0], [1, 2, 0, 1, 1, 0, 0, 0, 0, 0], [0, 0, 1, 1, 1, 0, 0, 0, 0, 0], [2, 4, 1, 0, 3, 0, 0, 0, 0, 0], [1, 0, 1, 0, 2, 0, 0, 0, 0, 0], [0, 3, 1, 0, 1, 0, 0, 0, 0, 0], [0, 0, 0, 0, 0, 0, 0, 0, 0, 0]]"
13142,"[[6, 0, 1, 0, 0, 0, 0, 0, 0, 0], [2, 0, 0, 0, 0, 0, 0, 0, 0, 0], [3, 1, 0, 0, 0, 0, 0, 0, 0, 0], [1, 2, 0, 0, 0, 0, 0, 0, 0, 0], [4, 3, 1, 0, 0, 0, 0, 0, 0, 0], [4, 0, 0, 0, 0, 0, 0, 0, 0, 0], [3, 0, 0, 0, 0, 0, 0, 0, 0, 0], [2, 0, 1, 0, 0, 0, 0, 0, 0, 0], [2, 0, 1, 0, 1, 0, 0, 0, 0, 0], [0, 2, 2, 0, 0, 0, 0, 0, 0, 0]]"
13143,"[[2, 0, 2, 0, 0, 0, 0, 0, 0, 0], [1, 0, 0, 0, 0, 0, 0, 0, 0, 0], [3, 0, 0, 0, 0, 0, 0, 0, 0, 0], [7, 0, 0, 0, 0, 0, 0, 0, 0, 0], [7, 0, 0, 0, 0, 1, 0, 0, 0, 0], [1, 0, 2, 1, 0, 0, 0, 0, 0, 0], [4, 0, 0, 1, 0, 0, 0, 0, 0, 0], [4, 1, 2, 0, 0, 0, 0, 0, 0, 0], [1, 0, 1, 0, 0, 0, 0, 0, 0, 0], [0, 0, 0, 0, 0, 0, 0, 0, 0, 0]]"
13144,"[[8, 0, 0, 0, 0, 0, 0, 0, 0, 0], [7, 0, 1, 1, 0, 0, 0, 0, 0, 0], [6, 0, 0, 0, 0, 0, 1, 0, 0, 0], [3, 0, 0, 0, 0, 0, 0, 0, 0, 0], [4, 0, 0, 0, 0, 0, 1, 0, 0, 0], [3, 2, 0, 2, 0, 0, 0, 0, 0, 0], [3, 0, 0, 0, 1, 0, 0, 0, 0, 0], [4, 0, 0, 0, 1, 0, 0, 0, 0, 0], [5, 1, 1, 0, 1, 0, 0, 0, 0, 0], [5, 1, 2, 0, 0, 0, 0, 0, 0, 0]]"
13469,"[[4, 1, 3, 0, 0, 0, 1, 0, 0, 0], [7, 0, 0, 0, 0, 0, 0, 0, 0, 0], [11, 0, 0, 0, 0, 0, 0, 0, 0, 0], [6, 2, 0, 0, 0, 0, 0, 0, 0, 0], [12, 1, 1, 0, 0, 0, 0, 1, 0, 0], [9, 3, 0, 0, 0, 0, 0, 0, 0, 0], [10, 5, 1, 0, 0, 0, 1, 0, 0, 0], [11, 0, 0, 0, 0, 0, 0, 0, 0, 0], [7, 0, 2, 0, 0, 0, 1, 0, 0, 0], [4, 1, 1, 0, 0, 0, 1, 0, 0, 0]]"
1027,"[[0, 0, 0, 0, 0, 0, 0, 6, 0, 0], [0, 0, 5, 0, 1, 0, 0, 2, 0, 0], [0, 0, 7, 0, 0, 0, 0, 1, 0, 0], [2, 0, 6, 0, 0, 0, 0, 0, 0, 0], [0, 1, 2, 2, 0, 0, 0, 4, 0, 0], [0, 0, 1, 0, 1, 0, 0, 6, 0, 0], [0, 0, 2, 0, 1, 0, 0, 3, 0, 0], [0, 0, 3, 1, 0, 0, 0, 3, 0, 0], [16, 0, 1, 0, 0, 0, 0, 4, 0, 0], [9, 1, 0, 0, 0, 0, 0, 2, 0, 0]]"
1029,"[[4, 0, 0, 0, 0, 0, 2, 0, 0, 0], [5, 0, 0, 0, 1, 0, 0, 0, 0, 0], [2, 2, 0, 0, 0, 0, 0, 0, 0, 0], [4, 1, 0, 0, 0, 0, 0, 0, 0, 0], [8, 0, 0, 0, 0, 0, 1, 0, 0, 0], [7, 0, 0, 0, 1, 0, 1, 0, 0, 0], [6, 0, 0, 0, 2, 0, 0, 0, 0, 0], [5, 0, 1, 0, 0, 0, 0, 0, 0, 0], [3, 2, 2, 0, 2, 0, 0, 0, 0, 0], [0, 0, 0, 0, 0, 0, 0, 0, 0, 0]]"
1033,"[[1, 1, 0, 0, 0, 0, 0, 0, 0, 0], [2, 2, 0, 0, 0, 1, 0, 0, 0, 0], [2, 3, 0, 0, 0, 0, 0, 0, 0, 0], [4, 0, 0, 0, 0, 0, 0, 0, 0, 0], [2, 3, 0, 0, 0, 1, 0, 0, 0, 0], [4, 2, 0, 0, 0, 1, 0, 0, 0, 0], [1, 0, 0, 0, 0, 0, 0, 0, 0, 0], [1, 2, 0, 0, 0, 0, 0, 0, 0, 0], [4, 0, 0, 0, 0, 0, 0, 0, 0, 0], [0, 1, 0, 0, 0, 0, 0, 0, 0, 0]]"
13472,"[[8, 0, 0, 0, 0, 0, 0, 0, 0, 0], [2, 0, 1, 0, 1, 0, 0, 0, 0, 0], [8, 0, 0, 0, 0, 1, 0, 0, 0, 0], [1, 0, 0, 2, 0, 0, 0, 0, 0, 0], [4, 0, 0, 0, 0, 0, 0, 0, 0, 0], [5, 0, 1, 0, 0, 0, 0, 0, 0, 0], [4, 0, 1, 1, 0, 0, 0, 0, 0, 0], [6, 1, 1, 0, 0, 0, 0, 0, 0, 0], [5, 1, 0, 1, 0, 0, 0, 0, 0, 0], [0, 1, 0, 0, 0, 0, 0, 0, 0, 0]]"
13474,"[[8, 0, 2, 1, 0, 0, 0, 0, 0, 0], [8, 0, 0, 0, 1, 0, 0, 0, 0, 0], [11, 0, 1, 2, 0, 1, 0, 0, 0, 0], [7, 0, 0, 0, 0, 0, 2, 0, 0, 0], [13, 0, 2, 0, 0, 0, 0, 0, 0, 0], [6, 0, 0, 0, 0, 0, 0, 0, 0, 0], [5, 0, 1, 0, 0, 0, 1, 0, 0, 0], [5, 0, 1, 0, 0, 0, 0, 0, 0, 0], [11, 1, 1, 0, 1, 0, 0, 0, 0, 0], [3, 0, 0, 0, 0, 0, 0, 0, 0, 0]]"
13475,"[[11, 0, 0, 0, 0, 0, 0, 0, 0, 0], [8, 0, 1, 0, 0, 0, 0, 0, 0, 0], [9, 0, 0, 0, 0, 0, 0, 0, 0, 0], [9, 1, 0, 0, 1, 0, 0, 0, 0, 0], [6, 1, 0, 2, 1, 0, 0, 0, 0, 0], [9, 0, 0, 1, 0, 0, 0, 0, 0, 0], [7, 0, 0, 1, 0, 0, 0, 0, 0, 0], [14, 0, 0, 0, 0, 0, 0, 0, 0, 0], [16, 0, 0, 1, 0, 0, 0, 0, 0, 0], [0, 0, 0, 0, 0, 0, 0, 0, 0, 0]]"
13476,"[[6, 1, 0, 0, 0, 0, 0, 0, 0, 0], [6, 0, 0, 1, 0, 0, 0, 0, 0, 0], [6, 0, 0, 0, 0, 0, 0, 0, 0, 0], [3, 0, 1, 0, 0, 1, 0, 0, 0, 0], [6, 0, 1, 0, 0, 0, 0, 0, 0, 0], [2, 0, 0, 0, 0, 0, 0, 0, 0, 0], [0, 0, 0, 0, 1, 0, 0, 0, 0, 0], [7, 0, 0, 0, 0, 0, 0, 0, 0, 0], [2, 0, 0, 0, 0, 1, 0, 0, 0, 0], [6, 0, 0, 0, 0, 0, 0, 1, 0, 0]]"
13477,"[[3, 1, 0, 0, 0, 0, 0, 0, 0, 0], [6, 0, 0, 0, 0, 0, 0, 0, 0, 0], [4, 0, 0, 1, 0, 0, 0, 0, 0, 0], [5, 0, 0, 0, 2, 0, 0, 0, 0, 0], [4, 0, 1, 0, 0, 0, 0, 0, 0, 0], [2, 1, 0, 0, 2, 0, 0, 0, 0, 0], [4, 0, 2, 0, 1, 0, 0, 0, 0, 0], [4, 0, 1, 0, 0, 0, 0, 0, 0, 0], [1, 0, 0, 0, 0, 0, 0, 1, 0, 0], [2, 0, 0, 0, 0, 0, 0, 0, 0, 0]]"
13478,"[[5, 0, 0, 0, 0, 0, 0, 0, 0, 0], [9, 0, 0, 0, 0, 0, 0, 0, 0, 0], [6, 0, 0, 0, 0, 0, 0, 0, 0, 0], [5, 0, 0, 0, 0, 0, 0, 0, 0, 0], [6, 0, 0, 0, 0, 0, 0, 0, 0, 0], [6, 0, 0, 0, 0, 0, 0, 0, 0, 0], [8, 0, 1, 0, 1, 0, 0, 0, 0, 0], [4, 0, 1, 0, 0, 0, 0, 0, 0, 0], [3, 0, 2, 0, 0, 0, 0, 0, 0, 0], [0, 1, 0, 0, 0, 0, 0, 0, 0, 0]]"
14107,"[[0, 0, 1, 0, 0, 0, 0, 0, 0, 0], [2, 2, 0, 0, 0, 0, 0, 0, 0, 0], [1, 0, 0, 0, 0, 0, 0, 0, 1, 0], [3, 0, 0, 0, 1, 0, 0, 0, 1, 0], [1, 0, 0, 1, 0, 0, 0, 0, 0, 0], [1, 1, 1, 1, 0, 0, 0, 0, 0, 0], [2, 0, 1, 1, 1, 0, 0, 0, 0, 0], [3, 0, 0, 0, 0, 0, 0, 0, 0, 0], [3, 1, 1, 0, 1, 0, 0, 0, 0, 0], [3, 0, 1, 0, 0, 0, 0, 0, 0, 0]]"
13479,"[[17, 1, 2, 0, 1, 0, 0, 3, 0, 0], [16, 0, 0, 0, 2, 0, 0, 0, 0, 0], [15, 1, 1, 0, 2, 2, 0, 1, 0, 0], [23, 3, 2, 1, 0, 1, 0, 0, 0, 0], [18, 0, 0, 0, 2, 2, 0, 0, 1, 0], [24, 1, 0, 0, 2, 1, 0, 0, 0, 0], [19, 1, 1, 0, 0, 0, 0, 1, 0, 0], [16, 3, 4, 0, 0, 1, 0, 1, 0, 0], [16, 1, 3, 0, 0, 0, 0, 0, 0, 0], [15, 1, 2, 1, 1, 0, 0, 1, 0, 0]]"
13480,"[[5, 0, 1, 0, 0, 0, 0, 0, 0, 0], [5, 0, 1, 0, 0, 0, 1, 0, 0, 0], [6, 0, 0, 0, 1, 0, 0, 0, 0, 0], [7, 0, 1, 0, 0, 0, 3, 0, 0, 0], [2, 0, 0, 0, 0, 0, 0, 0, 0, 0], [10, 0, 1, 0, 0, 0, 2, 0, 0, 0], [9, 0, 2, 0, 0, 0, 1, 0, 0, 0], [5, 0, 1, 0, 0, 0, 1, 0, 0, 0], [7, 0, 0, 0, 0, 0, 0, 0, 0, 0], [1, 0, 1, 0, 0, 0, 0, 0, 0, 0]]"
4893,"[[10, 0, 0, 0, 0, 0, 0, 0, 0, 0], [9, 0, 0, 1, 0, 0, 0, 0, 0, 0], [6, 0, 1, 0, 0, 0, 0, 0, 0, 0], [8, 0, 0, 1, 0, 0, 0, 0, 0, 0], [8, 0, 2, 2, 0, 0, 0, 0, 0, 0], [7, 0, 0, 1, 0, 0, 0, 0, 0, 0], [4, 0, 0, 2, 1, 0, 0, 0, 0, 0], [9, 0, 0, 0, 1, 0, 0, 0, 0, 0], [6, 0, 1, 0, 0, 0, 0, 0, 0, 0], [2, 0, 0, 0, 0, 0, 0, 0, 0, 0]]"
13481,"[[9, 0, 1, 0, 0, 0, 0, 0, 0, 0], [5, 0, 0, 0, 1, 0, 0, 0, 0, 0], [10, 2, 0, 0, 0, 0, 0, 0, 0, 0], [4, 0, 1, 0, 0, 0, 0, 0, 0, 0], [5, 0, 0, 0, 0, 1, 0, 0, 0, 0], [9, 1, 0, 0, 0, 0, 0, 0, 0, 0], [6, 0, 0, 0, 1, 0, 0, 0, 0, 0], [9, 0, 2, 0, 1, 1, 0, 0, 0, 0], [5, 0, 0, 0, 0, 0, 0, 0, 0, 0], [0, 0, 0, 0, 0, 0, 0, 0, 0, 0]]"
13044,"[[4, 0, 1, 0, 0, 0, 0, 0, 0, 0], [3, 0, 0, 1, 0, 0, 0, 0, 0, 0], [2, 0, 1, 0, 0, 0, 0, 0, 2, 0], [4, 0, 0, 0, 0, 0, 0, 0, 0, 0], [5, 1, 0, 0, 0, 1, 0, 0, 1, 0], [4, 1, 1, 1, 0, 0, 0, 0, 0, 0], [7, 0, 1, 0, 0, 1, 0, 0, 0, 0], [4, 1, 2, 1, 0, 0, 0, 0, 0, 0], [4, 0, 1, 0, 0, 0, 0, 0, 0, 0], [1, 0, 0, 0, 0, 0, 0, 0, 0, 0]]"
4895,"[[4, 0, 1, 0, 0, 0, 0, 0, 0, 0], [3, 0, 0, 1, 0, 0, 0, 0, 0, 0], [2, 0, 1, 0, 0, 0, 0, 0, 2, 0], [3, 0, 0, 0, 0, 0, 0, 0, 0, 0], [6, 1, 0, 0, 0, 1, 0, 0, 1, 0], [4, 1, 1, 1, 0, 0, 0, 0, 0, 0], [7, 0, 1, 0, 0, 1, 0, 0, 0, 0], [4, 1, 2, 1, 0, 0, 0, 0, 0, 0], [4, 0, 1, 0, 0, 0, 0, 0, 0, 0], [0, 0, 0, 0, 0, 0, 0, 0, 0, 0]]"
13045,"[[18, 1, 1, 0, 0, 0, 3, 0, 0, 0], [12, 2, 0, 0, 3, 1, 3, 0, 0, 0], [7, 2, 3, 0, 0, 0, 1, 1, 0, 0], [16, 0, 2, 1, 0, 0, 0, 0, 0, 0], [7, 3, 1, 0, 2, 2, 1, 1, 0, 0], [13, 0, 3, 0, 0, 4, 3, 0, 0, 0], [15, 0, 1, 2, 2, 1, 0, 0, 0, 0], [13, 1, 4, 1, 5, 1, 0, 0, 0, 0], [5, 5, 0, 1, 1, 2, 0, 0, 0, 0], [0, 0, 0, 0, 0, 0, 0, 0, 0, 0]]"
13046,"[[3, 0, 1, 0, 0, 0, 0, 0, 0, 0], [3, 1, 0, 0, 0, 0, 0, 0, 0, 0], [2, 3, 0, 1, 0, 0, 0, 0, 0, 0], [1, 1, 0, 0, 0, 0, 0, 0, 1, 0], [3, 0, 1, 0, 0, 0, 0, 0, 0, 0], [5, 0, 0, 0, 0, 0, 0, 0, 0, 0], [4, 0, 1, 0, 0, 0, 0, 0, 0, 0], [6, 2, 0, 0, 0, 0, 0, 0, 0, 0], [3, 1, 0, 0, 1, 0, 0, 0, 0, 0], [6, 0, 0, 0, 0, 0, 0, 0, 0, 0]]"
4906,"[[0, 3, 1, 0, 1, 0, 0, 0, 0, 0], [4, 1, 0, 0, 1, 0, 0, 1, 0, 0], [12, 1, 1, 0, 2, 0, 1, 0, 0, 1], [16, 0, 0, 0, 1, 0, 0, 0, 0, 0], [12, 0, 0, 0, 1, 0, 1, 0, 0, 2], [6, 0, 1, 0, 0, 0, 0, 0, 0, 0], [9, 0, 1, 0, 1, 0, 0, 0, 0, 1], [12, 0, 1, 0, 0, 0, 0, 0, 0, 1], [8, 1, 1, 0, 1, 0, 1, 0, 0, 0], [2, 5, 0, 0, 0, 0, 0, 0, 0, 0]]"
14108,"[[4, 1, 1, 1, 0, 0, 0, 0, 0, 0], [5, 1, 0, 0, 0, 0, 0, 0, 0, 0], [6, 4, 1, 0, 0, 3, 0, 0, 0, 0], [4, 3, 0, 1, 2, 0, 0, 0, 0, 0], [8, 2, 0, 0, 3, 1, 0, 0, 0, 0], [4, 0, 1, 0, 1, 0, 0, 0, 0, 0], [5, 0, 5, 0, 2, 1, 0, 0, 0, 0], [7, 4, 2, 0, 1, 0, 0, 0, 0, 0], [5, 0, 0, 0, 0, 0, 0, 0, 0, 0], [6, 3, 3, 0, 0, 0, 0, 0, 0, 0]]"
13047,"[[3, 0, 0, 0, 0, 0, 0, 0, 0, 0], [1, 1, 0, 0, 0, 0, 0, 0, 0, 0], [2, 1, 0, 1, 1, 0, 0, 0, 0, 0], [7, 0, 0, 0, 0, 0, 0, 0, 0, 0], [2, 2, 0, 0, 0, 0, 0, 0, 0, 0], [2, 1, 1, 0, 0, 0, 0, 0, 0, 0], [3, 0, 0, 0, 0, 0, 0, 0, 0, 0], [4, 0, 0, 0, 0, 0, 0, 0, 1, 0], [1, 0, 0, 1, 0, 0, 0, 0, 0, 0], [2, 0, 0, 0, 0, 0, 0, 0, 0, 0]]"
13048,"[[4, 1, 2, 0, 0, 0, 0, 0, 0, 0], [4, 2, 1, 0, 0, 0, 0, 0, 0, 0], [7, 1, 1, 1, 0, 0, 0, 0, 0, 0], [4, 1, 0, 1, 1, 0, 0, 0, 0, 0], [7, 0, 0, 0, 1, 2, 0, 0, 0, 0], [11, 0, 0, 1, 1, 1, 0, 0, 0, 0], [5, 0, 1, 2, 2, 1, 0, 0, 0, 0], [4, 0, 0, 2, 1, 0, 0, 0, 0, 0], [3, 1, 1, 0, 0, 0, 0, 0, 0, 0], [3, 0, 0, 0, 0, 0, 0, 0, 0, 0]]"
13049,"[[5, 0, 0, 0, 0, 0, 0, 0, 0, 0], [3, 0, 0, 0, 0, 0, 0, 0, 0, 0], [3, 2, 0, 0, 0, 0, 0, 1, 0, 0], [2, 2, 0, 0, 0, 0, 0, 0, 0, 0], [6, 0, 0, 0, 0, 1, 0, 0, 0, 0], [4, 0, 0, 0, 0, 0, 0, 0, 0, 0], [5, 0, 1, 0, 0, 0, 0, 0, 0, 0], [4, 0, 0, 0, 0, 0, 0, 0, 0, 0], [4, 0, 1, 0, 0, 0, 0, 0, 0, 0], [1, 2, 1, 0, 0, 0, 0, 1, 0, 0]]"
13050,"[[3, 1, 0, 0, 0, 0, 0, 0, 0, 0], [4, 0, 0, 1, 0, 0, 0, 0, 0, 0], [2, 0, 0, 0, 0, 1, 0, 0, 0, 0], [4, 0, 0, 0, 0, 1, 0, 0, 0, 0], [5, 0, 0, 0, 0, 0, 0, 0, 0, 0], [3, 0, 0, 0, 0, 0, 0, 0, 0, 0], [5, 0, 0, 0, 0, 0, 0, 0, 0, 0], [1, 1, 0, 2, 0, 0, 0, 0, 0, 0], [3, 0, 1, 0, 0, 0, 0, 0, 0, 0], [3, 0, 1, 0, 0, 0, 0, 0, 0, 0]]"
6491,"[[14, 3, 2, 0, 1, 1, 0, 0, 0, 0], [17, 2, 0, 0, 2, 2, 0, 0, 0, 0], [20, 0, 0, 1, 0, 1, 0, 0, 0, 0], [17, 4, 0, 1, 1, 0, 0, 0, 1, 0], [17, 3, 1, 1, 1, 0, 0, 0, 0, 0], [20, 1, 2, 0, 1, 0, 0, 0, 0, 0], [19, 4, 0, 2, 0, 0, 0, 0, 0, 0], [14, 0, 2, 0, 0, 0, 0, 0, 0, 0], [14, 2, 1, 0, 3, 1, 0, 0, 0, 0], [9, 2, 5, 0, 0, 0, 0, 0, 0, 0]]"
13051,"[[12, 2, 0, 1, 0, 0, 0, 1, 0, 0], [3, 5, 1, 0, 1, 0, 0, 0, 0, 0], [10, 3, 0, 0, 0, 1, 0, 1, 1, 0], [16, 1, 1, 0, 2, 0, 0, 0, 1, 0], [7, 4, 2, 1, 0, 0, 0, 1, 0, 0], [9, 2, 1, 0, 1, 0, 0, 0, 0, 0], [12, 1, 2, 0, 1, 0, 0, 0, 0, 0], [5, 4, 0, 0, 0, 1, 0, 1, 0, 0], [4, 3, 0, 1, 0, 1, 0, 1, 0, 0], [0, 0, 0, 0, 0, 0, 0, 1, 0, 0]]"
12735,"[[2, 0, 1, 0, 0, 0, 0, 0, 0, 0], [5, 0, 0, 0, 1, 0, 0, 0, 0, 0], [4, 0, 1, 0, 1, 0, 0, 0, 0, 0], [2, 1, 0, 0, 1, 0, 1, 0, 0, 0], [9, 0, 0, 0, 1, 0, 0, 0, 0, 0], [5, 0, 0, 0, 0, 0, 0, 0, 1, 0], [5, 0, 0, 0, 0, 0, 0, 0, 0, 0], [2, 0, 0, 0, 0, 0, 0, 0, 0, 0], [5, 0, 1, 0, 1, 0, 0, 0, 0, 0], [2, 0, 0, 0, 0, 0, 0, 0, 0, 0]]"
6495,"[[5, 0, 1, 0, 2, 0, 0, 0, 0, 0], [4, 0, 0, 0, 0, 0, 2, 0, 0, 0], [2, 0, 1, 0, 1, 0, 1, 0, 0, 0], [4, 0, 0, 0, 1, 0, 0, 0, 0, 0], [7, 0, 0, 0, 2, 0, 2, 0, 0, 0], [5, 0, 0, 0, 0, 0, 1, 1, 0, 0], [5, 0, 1, 0, 0, 0, 1, 1, 0, 0], [3, 0, 0, 0, 0, 0, 0, 0, 0, 0], [5, 1, 0, 0, 0, 0, 0, 0, 0, 0], [3, 0, 4, 0, 1, 0, 0, 0, 0, 0]]"
12740,"[[4, 0, 0, 0, 0, 0, 0, 0, 0, 0], [2, 0, 1, 0, 0, 1, 0, 0, 0, 0], [0, 0, 0, 1, 0, 0, 0, 0, 0, 0], [3, 0, 0, 0, 0, 0, 0, 0, 0, 0], [5, 0, 0, 0, 1, 0, 0, 1, 0, 0], [1, 1, 1, 0, 0, 0, 0, 0, 0, 0], [4, 0, 0, 0, 0, 1, 0, 0, 0, 0], [5, 0, 0, 0, 0, 0, 0, 0, 0, 0], [5, 0, 0, 0, 0, 0, 0, 0, 0, 0], [0, 0, 0, 0, 0, 0, 0, 0, 0, 0]]"
6499,"[[6, 0, 0, 0, 0, 0, 0, 0, 0, 0], [2, 0, 0, 0, 0, 0, 0, 0, 0, 0], [0, 0, 0, 0, 0, 0, 0, 0, 0, 0], [4, 0, 0, 0, 0, 0, 0, 0, 0, 0], [4, 1, 0, 0, 0, 0, 0, 0, 0, 0], [5, 1, 0, 0, 0, 0, 1, 0, 0, 0], [8, 0, 0, 1, 0, 0, 0, 0, 0, 0], [6, 0, 1, 0, 0, 0, 0, 0, 0, 0], [10, 0, 0, 0, 0, 0, 0, 0, 0, 0], [5, 1, 0, 0, 0, 0, 0, 0, 0, 0]]"
6501,"[[6, 0, 0, 1, 0, 0, 0, 0, 0, 0], [7, 0, 1, 0, 0, 1, 0, 1, 0, 0], [10, 0, 0, 0, 0, 2, 0, 0, 0, 0], [8, 0, 0, 1, 0, 1, 0, 0, 0, 0], [8, 0, 0, 0, 0, 0, 0, 0, 0, 0], [7, 0, 0, 0, 0, 1, 0, 0, 0, 0], [9, 0, 0, 0, 0, 0, 0, 0, 0, 0], [10, 1, 1, 1, 0, 2, 0, 0, 0, 0], [9, 0, 0, 1, 1, 0, 0, 0, 0, 0], [0, 0, 0, 0, 0, 0, 0, 0, 0, 0]]"
6503,"[[9, 1, 1, 0, 1, 0, 0, 0, 0, 0], [6, 0, 1, 0, 0, 0, 0, 0, 0, 0], [11, 0, 0, 0, 0, 0, 0, 0, 0, 0], [8, 1, 2, 0, 0, 0, 0, 0, 0, 0], [9, 0, 1, 0, 0, 0, 1, 0, 0, 0], [6, 0, 1, 0, 0, 0, 1, 0, 0, 0], [10, 0, 0, 0, 0, 0, 0, 0, 0, 0], [13, 0, 2, 0, 0, 0, 1, 0, 0, 0], [7, 0, 4, 1, 0, 0, 0, 0, 0, 0], [1, 0, 0, 0, 0, 0, 0, 0, 0, 0]]"
6504,"[[7, 0, 0, 0, 0, 0, 1, 0, 0, 0], [6, 0, 1, 0, 1, 0, 2, 0, 0, 0], [3, 2, 0, 0, 1, 1, 1, 0, 0, 0], [9, 1, 0, 0, 0, 0, 0, 0, 0, 1], [3, 1, 0, 0, 0, 0, 1, 0, 0, 0], [9, 0, 0, 0, 0, 0, 1, 0, 0, 1], [12, 0, 0, 0, 2, 0, 2, 0, 0, 0], [7, 0, 2, 0, 0, 0, 3, 0, 0, 0], [6, 0, 1, 0, 0, 0, 0, 0, 0, 1], [3, 1, 2, 0, 1, 0, 0, 0, 0, 0]]"
12741,"[[11, 0, 0, 0, 0, 0, 0, 0, 0, 0], [4, 4, 0, 0, 0, 0, 0, 1, 0, 0], [6, 2, 0, 0, 0, 0, 0, 1, 0, 0], [8, 0, 0, 1, 0, 0, 0, 0, 0, 0], [12, 0, 0, 1, 0, 0, 0, 0, 0, 0], [15, 0, 0, 0, 0, 0, 0, 0, 0, 0], [15, 0, 0, 0, 0, 0, 0, 0, 0, 0], [9, 0, 3, 0, 0, 0, 0, 0, 0, 0], [7, 0, 1, 0, 0, 0, 0, 1, 0, 0], [6, 1, 0, 1, 0, 0, 0, 0, 0, 0]]"
6506,"[[8, 0, 1, 1, 1, 0, 0, 0, 0, 0], [5, 0, 0, 1, 0, 0, 0, 0, 0, 0], [4, 0, 1, 1, 0, 0, 0, 0, 0, 0], [4, 0, 0, 0, 0, 0, 0, 0, 0, 0], [5, 0, 0, 0, 0, 0, 0, 0, 0, 0], [2, 0, 0, 0, 0, 1, 0, 0, 1, 0], [7, 1, 0, 1, 0, 0, 0, 0, 0, 0], [5, 2, 0, 0, 0, 1, 0, 0, 0, 0], [3, 0, 0, 2, 0, 1, 0, 0, 0, 0], [2, 0, 0, 0, 0, 0, 0, 0, 0, 0]]"
6507,"[[13, 0, 0, 2, 1, 0, 0, 0, 0, 0], [16, 0, 0, 0, 1, 0, 0, 0, 0, 0], [15, 0, 1, 0, 2, 1, 0, 0, 0, 0], [13, 0, 1, 0, 0, 1, 0, 0, 0, 0], [14, 0, 2, 0, 0, 2, 0, 0, 0, 0], [13, 0, 0, 0, 0, 0, 0, 0, 2, 0], [13, 0, 2, 2, 2, 3, 0, 0, 0, 0], [4, 1, 1, 3, 0, 0, 0, 0, 0, 0], [7, 7, 1, 0, 0, 1, 0, 0, 0, 0], [15, 2, 2, 0, 0, 0, 0, 0, 0, 0]]"
8622,"[[3, 0, 2, 0, 0, 0, 0, 0, 0, 0], [3, 1, 2, 0, 0, 0, 0, 0, 0, 0], [1, 1, 0, 0, 0, 0, 0, 0, 0, 0], [3, 0, 2, 0, 0, 0, 0, 0, 0, 0], [1, 0, 1, 0, 0, 0, 0, 0, 0, 0], [0, 0, 1, 0, 0, 0, 0, 0, 0, 0], [5, 0, 0, 0, 0, 0, 0, 0, 0, 0], [2, 1, 1, 0, 0, 0, 0, 1, 0, 0], [0, 2, 1, 0, 0, 0, 0, 0, 0, 0], [1, 0, 0, 0, 0, 0, 0, 0, 0, 0]]"
6509,"[[1, 2, 1, 0, 1, 1, 0, 0, 0, 0], [3, 4, 0, 0, 2, 0, 0, 0, 0, 0], [3, 3, 1, 0, 2, 0, 2, 0, 0, 0], [0, 3, 2, 0, 1, 0, 0, 0, 0, 0], [1, 2, 1, 0, 0, 0, 1, 0, 0, 1], [1, 1, 1, 0, 0, 0, 0, 0, 0, 0], [6, 5, 0, 1, 0, 0, 0, 0, 0, 0], [3, 0, 0, 0, 1, 0, 1, 1, 0, 0], [2, 2, 1, 0, 1, 0, 1, 0, 0, 1], [1, 0, 0, 0, 0, 0, 0, 0, 0, 0]]"
6510,"[[13, 0, 2, 0, 0, 0, 1, 0, 0, 0], [12, 2, 1, 1, 0, 0, 1, 0, 0, 0], [11, 1, 0, 1, 0, 0, 0, 0, 0, 0], [12, 0, 2, 1, 0, 1, 0, 0, 1, 0], [10, 0, 2, 0, 1, 2, 0, 0, 1, 0], [11, 1, 2, 3, 0, 1, 0, 0, 0, 0], [2, 1, 2, 1, 0, 0, 0, 0, 0, 0], [9, 4, 2, 0, 1, 1, 0, 0, 0, 0], [4, 6, 2, 0, 0, 0, 0, 1, 0, 0], [0, 1, 0, 0, 0, 0, 0, 0, 0, 0]]"
7611,"[[8, 1, 0, 0, 0, 0, 1, 0, 0, 0], [5, 0, 1, 0, 1, 0, 0, 0, 0, 0], [7, 2, 0, 1, 1, 0, 0, 0, 0, 0], [5, 0, 1, 0, 1, 0, 0, 0, 0, 0], [7, 0, 2, 0, 1, 0, 0, 0, 0, 0], [6, 1, 0, 0, 1, 0, 0, 0, 0, 0], [11, 0, 0, 0, 1, 0, 0, 1, 0, 0], [8, 0, 0, 0, 0, 0, 0, 0, 0, 0], [6, 0, 0, 0, 0, 0, 0, 0, 0, 0], [2, 3, 0, 0, 0, 0, 0, 0, 0, 0]]"
7617,"[[10, 3, 2, 0, 1, 0, 0, 0, 0, 0], [16, 3, 0, 0, 0, 1, 0, 0, 0, 1], [10, 3, 1, 2, 2, 1, 0, 0, 0, 0], [10, 2, 0, 0, 0, 0, 0, 1, 1, 0], [13, 2, 2, 0, 3, 0, 0, 0, 0, 0], [3, 5, 0, 0, 2, 0, 0, 0, 0, 0], [3, 6, 0, 0, 0, 0, 0, 0, 0, 0], [12, 6, 3, 0, 0, 0, 0, 0, 0, 0], [7, 3, 1, 0, 1, 0, 0, 1, 0, 1], [1, 3, 0, 0, 0, 0, 0, 0, 0, 0]]"
7618,"[[7, 2, 0, 0, 1, 1, 0, 1, 0, 0], [11, 0, 1, 0, 1, 0, 0, 0, 1, 0], [12, 1, 1, 1, 0, 3, 0, 0, 0, 0], [6, 4, 0, 2, 1, 3, 0, 0, 0, 0], [10, 0, 1, 1, 1, 1, 0, 0, 0, 0], [9, 0, 0, 3, 0, 0, 0, 0, 0, 0], [6, 4, 3, 0, 2, 0, 0, 0, 0, 0], [7, 0, 0, 1, 0, 0, 0, 0, 0, 0], [5, 5, 2, 0, 1, 0, 0, 0, 0, 0], [0, 0, 0, 0, 0, 0, 0, 0, 0, 0]]"
7620,"[[10, 0, 1, 1, 0, 0, 0, 0, 0, 0], [8, 2, 0, 0, 0, 0, 0, 1, 0, 0], [4, 3, 0, 0, 1, 1, 0, 0, 0, 0], [11, 3, 0, 3, 1, 0, 0, 0, 0, 0], [6, 1, 0, 1, 0, 0, 0, 0, 0, 0], [10, 1, 0, 1, 0, 2, 0, 0, 0, 0], [6, 0, 0, 0, 0, 1, 0, 0, 1, 0], [3, 2, 1, 0, 0, 0, 0, 0, 0, 0], [5, 0, 3, 0, 0, 0, 0, 0, 0, 0], [2, 1, 0, 0, 0, 0, 0, 1, 0, 0]]"
7623,"[[16, 0, 2, 0, 1, 0, 0, 0, 0, 0], [19, 6, 1, 0, 2, 0, 1, 0, 0, 3], [23, 3, 3, 0, 1, 0, 0, 0, 0, 1], [18, 4, 0, 0, 2, 0, 0, 1, 0, 3], [17, 10, 3, 0, 0, 0, 1, 0, 0, 2], [24, 4, 2, 0, 3, 0, 0, 0, 0, 3], [20, 3, 2, 0, 0, 3, 1, 0, 0, 2], [20, 1, 4, 0, 0, 2, 1, 0, 0, 0], [18, 2, 4, 0, 0, 0, 3, 0, 0, 1], [16, 1, 3, 0, 4, 1, 2, 0, 0, 1]]"
7624,"[[3, 0, 0, 0, 0, 0, 1, 0, 0, 0], [2, 0, 0, 0, 0, 0, 0, 0, 0, 0], [5, 0, 0, 0, 0, 0, 1, 0, 0, 0], [2, 0, 1, 0, 1, 0, 1, 0, 0, 0], [4, 0, 0, 0, 0, 0, 1, 0, 0, 0], [4, 2, 0, 0, 0, 0, 1, 0, 0, 0], [6, 0, 0, 0, 0, 0, 0, 0, 0, 0], [2, 0, 0, 0, 1, 0, 0, 0, 0, 0], [2, 0, 0, 0, 0, 0, 0, 0, 0, 0], [2, 1, 0, 0, 0, 0, 1, 0, 0, 0]]"
