title,stories
"Graduated 38+5, attempted home birth became emergency c-section, posterior, positive experience.","[('0.3', 'Called midwives at 3pm when contractions had been at 4-1-1 for 45 min. By the time the midwives got here, to their suprise, I was already fully dilated. Soon after, started pushing (would have started sooner had I known I already had the urge).'), ('0.4', 'Pushing actually took the edge off of the contractions. Pushed for 2 hours to the point where her head could be seen but she was stuck in there due to posterior facing and would not come out. Ambulance was called to drive me to the hospital maternity ward where it was confirmed a c section would be required.'), ('0.5', ""Then sent to ER to be given a spinal. The hardest part was waiting for the spinal while having the urge to push but knowing you can't push her out so just doing fake pushes to take the edge off. I was so happy to be able to relax from the spinal that I didn't even care about the c section.""), ('0.6', ""Chit chatted with my partner while the surgery took place, barely noticing what was going on (you feel some pressure but not pain). Then heard her crying and suddenly remembered why we were here! She was born at 9pm but when I was told the time I didn't believe anyone as time in labour feels like it goes at super speed since you're so focused.""), ('0.7', 'Partner went to see the baby then brought her up against my cheek. After that, he was sent with her to do skin to skin while I was stitched up. Soon after I joined them and got to do skin to skin and immediately learn to breast feed.'), ('0.8', '44 hours in the maternity ward after which felt like tutorial in a video game with the nurses helping learn how to take care of baby. They also help you slowly get walking and check in on your surgery recovery. Overall, I got to do what I wanted, the home birth, up until the very end where it was no longer possible and everything went super smoothly with no risks to myself or baby.'), ('0.9', 'Despite being sent to the hospital, I would still recommend home births as it was a low stress and safe environment to be in (my midwives setup a level 1 hospital in our home) with a solid plan in place for if you need to go to the hospital.')]"
"Birth story: Saoirse born on 06/04/2020, homebirth, fast labour.","[('0.3', 'My husband suggested for me to go in the pool and I barked at him ""don\'t tell me what to do"" but I still went in the pool. The midwife got to us around noon, not long after I got in the pool. I was extremely annoyed everytime the midwife was touching me. The second midwife got there about 15 minutes later.'), ('0.4', ""Around 12:30 my uterus started to push. I can't say that I felt the urge to push, my body just sort of took over and did his own thing, the midwife had a look but I didn't wanted to be touched so she took a step back and let me do my own thing which I'm really grateful for. I went into my own world from that point, I pictured my body pushing like being stuck in a ripe current and I tried to let myself float and not fight it. The midwife told me she thought I fell asleep for a second.""), ('0.5', ""When I reached the ring of fire It was a lot harder to not fight it and I apparently said that I didn't like that feeling. It was really painful, it's the only part I remember feeling any pain during labour. My midwife instructed me to push slowly and I thought to myself that I'm not pushing anyway, my body is. It was a really out of body kind of experience because I don't have the feeling I ever did anything just let things happen how my body wanted to.""), ('0.6', ""Then in one big push I felt the head come out, I touched it and it was the weirdest thing I ever experienced, it'sthe moment the reality of it all hit me. I was having a baby. I didn't enjoy pregnancy at all, the movements, the feeling of having a parasite inside of me but it never felt completely real until that second I touched her head, she wasn't a parasite anymore but my little girl, my little miracle that I made from scratch. At the next push she was completely out and I grabbed her and put her [on my chest](http://imgur.com/a/qEiZKaT)\n\nThe midwife cut the cord once it stop pumping, I got out of the the pool and we did skin to skin for about an hour, I don't remember delivering the placenta it just sort off slide out of me sometimes in that first hour.""), ('0.7', ""It felt gross, it looked gross as well. I had some micro tears that didn't require any stitching, and as much as I enjoyed the labouring experience I really hated when they pushed on my stomach to get the blood clot out. [Saoirse](http://imgur.com/a/pRYql9q) was born at 13:03 on the 6th of April at 37 weeks and 2 day. 2kg 900gr (6lbs 7oz) and 45,5 (18 inches).""), ('0.8', 'She was predicted to be a low birth weight baby for anyone interested in ultrasons accuracy. I\'m not a cheesy person in general but I get why it\'s called the miracle of birth now. My labour was an extremely spriritual and empowering moment. And because I started on a gross and TMI moment I think it\'s only fair I finish on the same note: my postpartum experience so far can be summarised in two words ""night sweats"".'), ('0.9', '')]"
"Graduated! Third time mom 38+5, difficult but positive planned home birth","[('0.3', 'I moved around a lot - on and off the bed, in and out of the shower. Nothing brought me any relief. The midwife checked me at one point and I was 7 cm and I found that incredibly disheartening. I didn‚Äôt know how I would be able to finish when I already felt so discouraged. I felt like I was being a huge baby! But of course everyone was lovely and supportive.'), ('0.4', 'I was also agonizing over whether or not we should break my water. With my second breaking my water instantly catapulted me into transition and it was so scary and intense, but he was born 38 minutes after so it was at least fast. I couldn‚Äôt decide if I was willing to face that intensity again but knowing that there was a good chance it would speed things along. After going back and forth for a while I decided to do it. My reasoning was that I was already in agony so maybe it would be worth it to speed things along? So the midwife broke my water but it didn‚Äôt end up changing anything intensity wise.'), ('0.5', 'It did feel good psychologically, however, to feel like I had ‚Äúdone something‚Äù. So we laboured along and at some point she checked me again and I was still at 7 cm! She offered to ‚Äúhelp‚Äù me though and to manually stretch my cervix over my baby‚Äôs head so I could then start pushing. I accepted this offer and it was supremely painful, she had her fingers inside me and with a contraction I had to push while she pushed my cervix aside. If you had asked me before labour if I would do an intervention like that I definitely would have said ‚Äúno‚Äù, but in the moment I was desperate to get the baby out. Now it time to push.'), ('0.6', 'With my second I didn‚Äôt have to push at all. I had the fetal ejection reflex and my body did all the work - 4 involuntary pushes and 8 minutes later my second son came flying out, even with a nuchal hand. This time around was very different. I had to push for about an hour and every single push was a hard fought battle. It felt like my tailbone was going to snap with every push and at points I physically couldn‚Äôt even do it because it was so painful. Finally I was able to ‚Äúpush past the pain‚Äù and my third son was born at 9:38 am.'), ('0.7', 'Thankfully the relief is instant once they are born! He was born in pretty much the same spot as my second son. I held my baby and rested for a couple minutes and then it was time to birth the placenta. With my first two it just kind of came out and I barely noticed. This time I had a real contraction and had to consciously birth the placenta. It was painful but quick.'), ('0.8', 'I did end up hemorrhaging (lost about 1000 mL of blood) so the midwives gave me a pitocin and an ergot shot. Then we got to snuggle in bed and marvel at how cute our precious baby son was - THAT is why I birth at home. We couldn‚Äôt believe how tiny he was but it turns out he‚Äôs perfectly average sized: 7 lb 3 oz and 21‚Äù long. He is 3 days old now but still hasn‚Äôt latched - hoping that will fall into place soon. So overall even though it was difficult, it was a good experience. I love being able to just snuggle up in my own bed after birth.'), ('0.9', 'It also wasn‚Äôt actually that long - only about 3 hours of intensity but it felt MUCH longer than that to me. I am a little sad that we didn‚Äôt get a girl as this was my last chance but I am so thrilled to have a third precious son.')]"
"Graduated at 39 weeks: FTM, water broke at home, fast labor with epidural; a bit dramatic but overall VERY positive [Cross-posted from March Bumpers]","[('0.3', ""No one had checked my cervix at this point because of a risk of infection so we weren't sure where I was at but nurse guessed (for fun) that I was 6-7 and well into active labor. Got the epidural placed and it was the best decision of my life! Placement sucked (you have to stay still in this awkward position while contacting), but then felt so much better and was able to relax. They checked my cervix at this point and was 4 cm - I was pretty bummed I wasn't further along but the resident said I was fully effaced so it could go quickly.""), ('0.4', ""It was 4am at this point so nurse recommended we get some sleep. My husband went and got our suitcases while they placed my catheter and gave me some pitocin to even out contractions. Husband went to put on PJs when baby's heart rate was dropping on the monitors and the nurse called the full team in. They had me switch positions to see if the cord was just getting compressed but  HR was still low.""), ('0.5', ""They rechecked my cervix to see if that was the culprit and sure enough - I had gone from 4 to 10 cm in \\~30 min and that combined with the emptying of my bladder caused the baby to drop pretty suddenly and startle him. His HR came back up and doctor said I was ready to start pushing! He had us try a practice push with the nurse while he finished something up and baby's HR dropped again during the practice, triggering the alarm again and the full team flooding in. Doctor said at this point they needed to get baby out and they would need to use forceps given how far along he already was.""), ('0.6', 'I had a pretty chill birth plan but REALLY wanted to avoid forceps so we started pushing and he was out in 8 min - about 4 contractions. I had heard pushing with the epidural was difficult for FTM but I was able to feel the contractions coming and pushed really hard into my bottom and it seemed to work! Baby Milo was born at 5:21am and was 6lbs 1oz the day after my birthday and &lt;8 hours after my water broke. The nurses were shocked by the speed of everything and warned me next time to get to the hospital ASAP.'), ('0.7', ""It turns out the cord was wrapped around his neck and was a very thin cord which they think was easily compressed and caused the distress while pushing. After birth was a bit of a blur - I know my husband cut the cord and they took Milo's measurements and we spent the golden hour doing skin to skin. It seemed like my placenta was giving them some difficulty because the doctor has to go in with his hands, so thank god for the epidural. I had a first degree tear and got stitched up too.""), ('0.8', ""It was all very surreal afterwards, I was so happy but also in shock everything happened so quickly. Recovery for me has been uneventful. I really felt pretty good afterwards and was up able to walk around within an hour or two. Day 2 and 3 were a lot more sore and my stiches have been painful (I'm crazy impressed by people with 2nd degree+ tears!!)""), ('0.9', 'but it\'s getting better each day and I\'ve barely been bleeding. Milo has had a slightly tougher ride - he was jaundiced at the hospital and hasn\'t been gaining weight as much as our Ped would like so I\'ve had to do a lot of pumping and supplementation of his milk. I\'m squarely in the ""fed is best"" camp, but it\'s still stressful and A LOT of work to do the triple feedings. He\'s the best baby though and I\'m hoping once he gains some weight everything will get easier.')]"
"GRADUATED! 37+3, a harrowing birth experience but I'm finally home...","[('0.3', 'At this point, I felt nauseated &amp; spontaneously threw up a RIVER of black bile. So just call me [Megan Fox](https://64.media.tumblr.com/c26364d55d9e732063e521bb659c4721/tumblr_n4lmpkUnss1snpc3lo1_500.gifv)! Once I threw up demon blood, I then started speaking in tongues.'), ('0.4', ""I was slurring &amp; not able to speak more than gibberish without concentrating REALLY hard to say my name &amp; where I was. It was really scary for both me &amp; my partner, plus my head was still splitting with insane amounts of pain. At this point, the OB goes outside to discuss the situation, then comes back &amp; tells me we're going to do an emergency c-section.""), ('0.5', 'The second that sweet spinal medication w/ morphine hit, I was on cloud 9. They laid me down to prep, I threw up again. Then the cesarean happened within a matter of minutes &amp; my son was crying: the most beautiful sound in the world!'), ('0.6', 'I was SO happy, I told all the people in the OR that I would buy them cookies (&amp; I absolutely will). I got to hold my son for a moment before moving to the recovery room. We spent 6 days in the hospital after that trying to regulate my blood pressure.'), ('0.7', ""Yesterday we FINALLY came home &amp; we could not be more in love with our little man. Despite the preeclampsia &amp; pain recovering from the cesarean, I wouldn't change anything in order to get my beautiful son. Now if I could only poop...\n\n**tl;dr: High blood pressure melted my brain.""), ('0.8', ""I threw up demon blood, spoke in tongues, so we evicted the baby through my belly. He's awesome &amp; I can't sit in a pool for the rest of the summer. **\n\n[Baby Elliot for tax](https://imgur.com/a/IKZ2NHU)""), ('0.9', '')]"
Emergency home birth story,"[('0.3', ""At this point I am in major pain. I am walking around our dining room table holding on to the chairs and gasping. There's a lot of pressure and I can't help but push through some of the contractions. I think I'm pooping so I go to the bathroom. It's a little easier to deal with the pain on the toilet and I am pushing through contractions. I had the idea that if I pooped, it would make me feel better. I was still in denial that I was actually having a baby.""), ('0.4', 'I was just trying to relieve the pressure. My husband comes in and sees me on the toilet. I tell him that I might not make it to the hospital. I am still pushing at very soon I feel that the baby is crowning. 911 is on speaker phone in the bathroom, they tell me to lay down. Absolutely no chance of that happening. I stand up and the head is coming out.'), ('0.5', 'I push and my baby girl is born on my bathroom floor. The umbilical cord snapped so my husband had to pinch it and try to clamp it with a rubber band. The baby is crying and we wrapped her in a bathroom towel. The babysitter shows up a minute later. She told me that she heard the crying from the front door. The bathroom looks like a murder scene. The ambulance shows up just a couple minutes later.'), ('0.6', ""The baby looks great - APGAR of 10. We go to the hospital. I am covered in blood and still bleeding pretty heavily. The EMT offers to give me something for pain but says that everything she has interferes with breastfeeding, so I decline. At the hospital we are greeted by what looks like the entire staff of the emergency room. I'm not sure why, I think they just all wanted to see me and the baby. I'm wheeled up to labor and delivery.""), ('0.7', 'I still have to deliver the placenta, which is easy but painful. This was actually the worst part. My adrenaline was fading so I felt everything. Again I am offered something for pain, but the doctor says that it will take time to place an IV and she seems like she wants me to refuse, so I do. Very dumb of me. Everything hurt like hell and I should have asked for some pain relief. I get local anesthetic for a few stitches.'), ('0.8', ""Then we get to a recovery room and finally get some time to process. It happened so, so quickly. We're all okay, thank goodness. Baby is doing just great and she's very healthy. I had such an easy pregnancy and such a long labor with my first that I didn't know what was happening. I'm recovering well too! That was much longer than I expected, thanks for reading if you made it this far!""), ('0.9', '')]"
39+1 home birth story!,"[('0.3', 'Midwife arrived around 930pm and checked me - I was 4cm and after the check they got more painful and close together. Midwife had her assistant head over while she and husband filled the pool with warm water. The next few hours were frustrating, around 1130pm she checked me again because the pain was really ramping up and I thought I must have dilated more but I was 6cm. I had just been floating around the pool mostly sitting so she suggested changing positions.'), ('0.4', 'I tried hands and knees, squatting, and leaning over the couch alternating the 3 while my husband and daughter took turns massaging my lower back and feeding me freezies haha \n\nAfter an hour of that it gets blurry it was just super painful but the position change helped me dilate a lot faster. Back in the tub and around 1am I was 10cm and she said to try pushing. With both my previous births I felt the urge to push but I wasn‚Äôt feeling it I just felt so much pain and I started panicking I couldn‚Äôt do it. My husband got into the pool with me and sat behind me - my midwife had my daughter hold my hand and she said to focus on the pain and when I thought it was peaking to just push regardless of whether I felt it.'), ('0.5', 'My daughter felt me squeezing her hand and she said she could tell when the pain peaked by how much I was crushing it (sorry baby lol) and she just started yelling ‚Äúnow, push now! !‚Äù After 3 pushes I could feel him moving down and holy fuck ouch. I started the whole crying I can‚Äôt do this routine but the urge to push came quickly and 2 more pushes and midwife grabbed my hands and said ‚Äúpull the baby out‚Äù. 1:47am Levi Anthony was born!!'), ('0.6', '7lbs 12oz, 20inches. I pulled him onto my chest and my husband peeked over and whispered ‚Äúit‚Äôs a boy‚Äù to me. We snuggled in the pool a bit before I handed him over to be weighed, cord cut, and checked over etc. and my midwife checked me over.'), ('0.7', 'After a third degree tear with my twins I feared the worst but I had a small 1st degree tear that needed a small stitch and that‚Äôs it! Delivered the placenta and all that fun stuff. When I got him back he latched right away and fed for about half an hour before falling asleep. My husband and daughter did some skin to skin while I stuffed my face and it was really just the most perfect scene to me.'), ('0.8', 'Midwife came back today and he‚Äôs been feeding well the last 24 hours. I‚Äôm sore and tired but so so so happy and in love. I can‚Äôt wait for mine and my husband‚Äôs kids to meet him. I‚Äôve also been so happy to be home for all of this, it was so much more relaxing than my hospital births and I didn‚Äôt have the anxiety of people I didn‚Äôt know coming in or telling me what to do.'), ('0.9', '')]"
"Two for one birth stories, plus bonus suprise home birth!","[('0.3', 'Eventually, midwife standing next to me shrugs and says ""I don\'t know what we can do if she can\'t listen to us"" and POP! Out flew baby, husband caught him on the first bounce. &amp;#x200B;\n\nWith the relief of not being in pain I came back to my senses a bit, but was still too high to understand what was going on mostly. It was about 10pm when he came out, so maybe 12h since I\'d woken up that morning, but he was here! And he was wonderful. &amp;#x200B;\n\n&amp;#x200B;\n\nBaby 2 arrived naturally at 38+6, and we were NOT READY.'), ('0.4', ""Since Baby 1 was so late, I just assumed that Baby 2 would be too, big mistake! &amp;#x200B;\n\nAt 7pm, I felt something strange in my stomach, while husband put Baby 1 to bed, and texted him that maybe my labour was starting, but obviously we had at least a day left before baby, and we really didn't want to call the baby sitter if we were going to go to hospital just to get sent back. &amp;#x200B;\n\nSo, I head to the shower as I've heard it can help with the early stages on pain, intermittently texting my husband that I'm bored and hungry. He arrives later with my laptop playing a TV show and props it up where I can see it from the shower and a chocolate strawberry crepe delivered from the local dessert place. I swear, I've never loved anyone as much as I loved him in that moment. &amp;#x200B;\n\nContractions continue, he comes in to check on me at about 8.30pm to see how I'm doing.""), ('0.5', ""They hurt, but they're pretty far apart and short so no worries. Maybe he can start putting the hospital bag together? (Told you we weren't ready...) \n\nThe only catch being ALL the new baby stuff is still in the loft. And he can't find it. So I'm having to shout directions from the shower between contractions, and he's hunting but no luck. Fine, baby can wear a blanket until we can get to a shop...\n\n&amp;#x200B;\n\nHe comes back to check on me about 9pm, getting a bit worried about the noises I'm making.""), ('0.6', ""Calls the midwife unit, against my protests, and gives them my stats (contraction length and spacing), and they agree with me that it's probably going to be a while yet, no rush to get in. Then they hear me moaning. Their attitude completely changes, you have to get here NOW, GET IN THE CAR. Husband panics, asks me to get myself downstairs and into the car. I manage to drag on my nightie, and slowly stagger down the stairs while he calls the baby sitter and gets whatever he can grab for the hospital bag. &amp;#x200B;\n\nWhen I make it to the bottom of the stairs I stop for a rest for 5 minutes and my water breaks all over the carpet.""), ('0.7', 'Let husband know, he shouts to get into the car, and if I get the urge to push, DO NOT PUSH. I stagger my way out to the car, get sat in when the urge hits me, and I let my husband know as he\'s loading the bag into the car. The Urge cannot be ignored, so as he\'s trying to climb in the driver\'s seat I alert him to the fact the baby\'s head is about to make an appearance (I thought I did so rather eloquently, but I was informed after the fact that I just screamed ""HEAD!! at him and he had to work it out for himself)\n\n&amp;#x200B;\n\nHe dashes around to the passenger door and braces to catch. Then the babysitter arrives, and wanders over with a ""Why aren\'t you guys gone alre... More screaming ensues (""AMBULAAAAANCE""), and baby pops out into his father\'s arms, at 10pm.'), ('0.8', '&amp;#x200B;\n\nHe gives the baby to me while he tries to find blankets and towels to keep me and baby warm without us having to move. Ambulance arrives half an hour later, and gives me a once over but says I\'m fine and no stitches needed! Midwife arrives 10 minutes later and reports that baby is also fine! Poor babysitter, after getting quite the eyefull earlier, runs to the shops and buys us some baby clothes (Hooray!). Then we all head to bed at only 11pm- that\'s 3 hours between ""My tummy feels funny"" and baby! Not a bad turnaround.'), ('0.9', ""&amp;#x200B;\n\n&amp;#x200B;\n\nAfter catching both babies, husband now has Midwife on his CV üòÅ And we're planning to leave for the hospital as soon as I have a twinge this time round."")]"
"Graduated 39+4: planned homebirth turned planned hospital induction, 4 hour labor!","[('0.3', 'I felt like a child crawling back to the grown ups saying ‚ÄúI made a dumb mistake‚Äù. I also had to break up with the homebirth midwife. Which felt like breaking up with a friend. I mostly just felt defeated. This pandemic has been so stressful. I‚Äôve had to make so many hard choices about work and childcare while remaining calm and adult and watching idiots lick each other. Honestly, everyone has been so kind. Homebirth midwife knows many of the hospital midwives, was super supportive and I think a little relieved that she can just isolate and take care of herself. Everyone at the hospital was supportive and straight up said they understood. Also, the more accurate covid test came back negative. MASKS WORK, PEOPLE. *Back to the Hospital and labor*\n\nHospital midwife listened to our situation (we need to schedule something for childcare) and completely understood. She checked labor and delivery and they could induce me next Friday ooooorrrr tomorrow, 5:30am. We picked tomorrow because our babysitter has the weekend off. And that was that. We went from all natural nonintervention to scheduled induction in about 10 minutes.'), ('0.4', 'The hospital‚Äôs policy was that my husband could be with me, he just can‚Äôt leave and come back in. So once we check in and get tested, we are in. We have to wear masks whenever someone is in the room, but they are doing fewer checks than usual and a 24 hr check out if everything is normal. Babysitter spent the night with us that night, we walked into the hospital at 5:30 AM. Both got the covid quick test, both were negative. Pitocin was hooked up around 6:30, started low. Water broken around 7:30. Contractions were pretty chill. Did you know Comedy Central has about 6 hours of the Office on in the morning? I sat on the edge of the bed and laughed my way through an hour. They cranked pitocin up occasionally, but I never went over 10. Contractions started getting harder to sit through. But unlike my last induction, the contractions definitely peaked and retreated. I was able to rest and relax between. I forced myself to take a break, untense. After a while, I handled contractions by standing and ‚Äúdancing‚Äù with my husband.'), ('0.5', 'It felt good to press my face into his chest and he did a good job of ‚Äúrocking‚Äù me when the pain got heavy and I didn‚Äôt want to move. I tried to relax through the contraction. It was hard and took a lot of mental concentration, but I tried not to clamp my pelvic floor tight and relax my legs as much as possible. I took my stress out on my husbands chest with my head. I felt like this stage wasn‚Äôt that long, but also forever? I got mad at the office and turned it off. Contractions were about 2 mins apart, and I moaned through them. I got super nauseous at this point, but only during contractions. I should have taken that as a sign. It was about this point that I decided I might want an epidural, but kept telling myself ‚Äújust wait after the next one‚Äù. I never felt ‚Äúpressure‚Äù, but I could feel something change in my pelvis. When asked, I felt like I had diarrhea and was about to shit myself. It wasn‚Äôt ‚ÄúI have to poop‚Äù it was ‚ÄúI need to find a toilet because poop is coming‚Äù. This is when things changed. When the nurse heard this she said ‚Äúdo not try to poop on the toilet‚Äù and asked to check me. I couldn‚Äôt really lay down, but I noticed some of the other nurses started pulling in baby stuff - the warmer, the cart for the placenta.'), ('0.6', 'I looked around and said ‚Äúwait, why is that here?‚Äù And the nurse laughed and said ‚Äúyou‚Äôre having a baby‚Äù. This had to be like.... 10:30am? It was reeeeally hard to lay down for the cervical check. I waited until between a contraction and sort of fell over. After this point I really felt like I couldn‚Äôt move. I had to be moved. She checked and said I was 8 cm, but the baby was right there. Then a bunch of nurses came in, I was NOT a lot of help. They were trying to stick pads under me and I couldn‚Äôt lift my pelvis. I think I had about two more contractions before it felt like I was pooping. That‚Äôs because I was pooping. I was hunched over on my side and told them I was pooping and someone said ‚Äúno, you‚Äôre pushing!‚Äù\n\nMy husband helped hold a leg and the other midwife pushed it up near my head. So I was laying on my left side, my left leg sort of bent, my right leg being pushed up towards my head. One of the nurses told me to curl around my belly to help push. I think I sort of bowed my head, but I didn‚Äôt feel like I could move much more. Pushing was super surreal because all I could think of was ‚Äúthis is everything I‚Äôve ever read‚Äù.'), ('0.7', 'Between contractions I could relax (sort of). As I pushed, I could feel her coming. I really couldn‚Äôt push outside of contractions. It‚Äôs crazy how the force of the contraction made pushing so much more effective. About 4 pushes in I could feel her crowning. The contraction ended and she was right there, so we hung out in the ring of fire. Mentally, I knew this was ‚Äúgood‚Äù, but god it hurt. I know I started whimpering ‚ÄúI can‚Äôt do this and it hurts too much‚Äù. The nurse said ‚ÄúShe‚Äôs coming on the next push, take a deep breath and let‚Äôs do this‚Äù. I could feel the next contraction coming, warned everyone, and took a deep breath and just kept pushing. Suddenly the midwife was shouting ‚ÄúLook at me‚Äù and I said ‚ÄúNoooo‚Äù and my husband said ‚ÄúNo, really, LOOK‚Äù. I looked down and there was a baby. She was super cheesy. They put her on my chest and we waited for the placenta. And it was... over. I asked for an epidural at that point.'), ('0.8', 'They called the birth at 11:26. So from water breaking to birth it was only FOUR HOURS. We got to order lunch. The placenta came out and that kind of felt good. I had a 1 degree tear and needed a couple stitches. And she‚Äôs here! She came out so fast her head is perfectly round. She‚Äôs healthy. I was up and walking around apparently too fast (I scared the nurse). I am grateful I didn‚Äôt have pain relief and got to feel all the stuff, but that epidural sure was nice last time. After all of the stress Covid has caused, it is actually a huge relief to have the birth over. My only advice for moms right now is to do what you feel safe doing. When homebirth no longer felt safe, I sucked it up transferred back to the hospital. I‚Äôm glad I did, because I know we are healthy and can go home and isolate again. I mean, also if you can get yourself one of those 4 hour labors, I highly recommend. Being pregnant during a pandemic sucks.'), ('0.9', 'I am so grateful it is over.')]"
"Graduated February 3! Positive home birth, gender surprise, LONG-ASS STORY","[('0.3', 'We started seeing progress signs: I had copious bloody show, threw up, and my waters broke! But‚Ä¶it still seemed like my body wasn‚Äôt coordinating itself well! My cervix was still not fully dilating, and then the kids all woke up, and labor slowed drastically. The whole morning is more of a blur. I know the kids woke up and my husband helped them to get dressed and eat breakfast. We pulled out the breakfast casserole I‚Äôd made and shared it around. I wasn‚Äôt hungry at all. I nibbled on cheese and a Clif bar to try to keep up my strength. My three year old went next door to my in-laws‚Äô while the older girls stayed home. Later in the morning we went for a walk to get contractions to pick up, but. Around 1 I laid down again and napped between contractions for a while.'), ('0.4', 'My midwives rested some too, and so did my husband. The midwives debated leaving, but between the still-strong contractions, the bloody show, and the water breaking earlier, they knew that labor could step up quickly at any time and they decided to stay. Around 3 my MIL said she wasn‚Äôt feeling well - she‚Äôd gotten her second Covid shot the day before and got the typical low fever and body aches. My sister in law took off early from work to come watch the kids for us. And this is where things started to turn. We sent the big ones to Grammie‚Äôs house to be with their aunt, and then my mom brain shut off and my birthing brain took over. I didn‚Äôt realize that having the kids around was detrimental to my progress, but as soon as they left and I could focus on my work, the contractions got a lot more intense. I was so tired. This was around 5 pm. My midwives were giving me lots of encouragement but my contractions were all in my back at this point and I HAAAATE back labor with all my heart. At maybe 5:30 I put my head down on the counter in the kitchen where I was laboring and just cried and cried.'), ('0.5', 'I couldn‚Äôt tell you why I was crying but I was ugly crying. Once I released that, I went back to bed. My main midwife asked if I was afraid of something. I said yes: twice now we‚Äôve gotten to the point where I feel like pushing but my cervix wasn‚Äôt ready. I don‚Äôt think I have the strength to do that again. This baby has to come now. We did a cervix check. I was close to complete and there was a bag of waters still intact in there. So only part of the bag had broken earlier. We did one contraction with my midwife pushing the cervix back to try to get that last bit to melt away. I‚Äôve heard women talk about this.'), ('0.6', ""It is NOT A FUN EXPERIENCE. Then we started discussing whether we should break the waters. I was for it, but I was also scared of labor ramping up even more intensely than it was already. My husband wasn‚Äôt a huge fan - what if the cord prolapsed? What if there's a reason the water is still intact? And on the next contraction, the waters broke on their own. This is when shit got REALLY REAL. I couldn‚Äôt take the contractions lying on my back anymore and I scrambled to all fours so my husband could give counter pressure. I can‚Äôt remember what I said - I think what came out of my mouth was ‚ÄúI gotta get up.‚Äù What I meant was ‚ÄúI can‚Äôt be on my back anymore.‚Äù My husband and my midwives were like HOLD ON YOU CAN‚ÄôT LEAVE! I was so confused; I wasn‚Äôt leaving! And then my body took over and was like PUSHING TIME NOW.""), ('0.7', 'I screamed and yelled and my midwife put on what she calls her Midwife Voice to inform me that I was being a dingbat and should remember to breathe. It came out as a powerful ""BREATHE!!!!"" I took a huge gasp of air and bore down with all the remaining power in me. I grabbed the assistant midwife‚Äôs hand and squeezed her fingers until, I‚Äôm sure, they hurt. She didn‚Äôt say a word. She squeezed right back and gave amazing encouragement while my main midwife talked me through what the baby was doing. I was also yelling at my husband to PUSH ON MY BACK HARDER. And then as I was pushing, my pretty hemorrhoids started to prolapse so my midwife, while providing support to my perineum, also pushed back against my butthole. I kind of lost it. I yelled PLEASE STOP TOUCHING MY BUTT and she didn‚Äôt, she kept doing her job and did it so well. Baby was barreling down.'), ('0.8', 'My midwife was saying ‚Äúhead is in view. 3 centimeters out, 4 centimeters.‚Äù I loved that verbal progress meter. She was still providing counter pressure so the baby, who was attempting to crown with BOTH HANDS by their face, wouldn‚Äôt tear me (and I had needed stitches in every birth to this point). She actually pushed baby‚Äôs hands back in and baby‚Äôs head was born. The pressure was still tremendous, and though I wasn‚Äôt having a contraction, I still kept pushing to get baby‚Äôs shoulders born. Husband was encouraging me to keep pushing but suddenly this from my midwife cut through my lizard birthing brain: ""Stop! I have to get the cord off! It‚Äôs around the neck!‚Äù It took all I had but I stopped. She unwound the cord. Next contraction - which was maybe 30 seconds later - I pushed the rest of my baby out and then I think I laid my head on the bed and sobbed. Baby was wailing beautifully.'), ('0.9', ""I asked my husband ‚ÄúWho do we have? ?‚Äù He looked - or tried to; baby had a very long cord and it was all in the way. Then he finally saw. ‚ÄúIt‚Äôs a girl!‚Äù\n\nIt was 6:22 pm. It had been 7 minutes since my water broke. Postpartum recovery has actually been the easiest one so far. Thanks to my midwife's intense perineal support, I didn't need stitches for the first time EVER! Baby has a slight tongue tie so nursing is a little painful, but she seems to be getting what she needs and a nipple shield is helping me keep my nipples intact. Also my midwife is amazing; she came over for a postpartum visit on Saturday and made sure to talk through the labor and birth with me and my husband. I am so glad we had her by our side."")]"
Twin graduation at home (seahorse dad) (positive!),"[('0.3', ""I dilated quick and could feel the head within a few hours. Baby A was born with no complications on the living room floor, because I couldn't make it to the bedroom. I didn't expect to care so much but when I found out he was a boy I was ecstatic.""), ('0.4', ""Contractions didn't start back up right away, but once they did I very reluctantly handed the baby over to my girlfriend. Not that I think she would be bad with him or anything, I just literally never wanted to let go of him. My midwife said that there was no way to know if both amniotic sacs broke or not until baby B came out, or my water broke again.""), ('0.5', 'I guess a lot of the times both sacs will burst at once because of the pressure. Lucky for me that did not happen. My second water broke while I was successfully making my way to the bedroom.'), ('0.6', 'Baby B was born 16 minutes after his brother. And surprise, another boy. I am not including all of the intensive pushing because I could go on and on about how difficult it was to push TWO large babies out.'), ('0.7', ""Large babies run in my family and in our donor's family, so it wasn't a surprise. I also measured 5 weeks ahead, but thought, hey, maybe it's just a coincidence. Baby A was 8 pounds and 2 oz and baby B was 8 pounds and 6 oz.""), ('0.8', ""I thought they were supposed to be small??? I am just glad they were big and strong and healthy. I know a lot of people don't get to have their babies at home right away so I feel so lucky that I get to have them here with me.""), ('0.9', ""I was so tired but literally so unbelievably happy. I am exhausted right now, but laying with my boys, and I wanted to type this out as soon as I could because I want to relive the first moments with them over and over because it didn't feel real. I just am so relieved they're healthy and here. Since gender was a surprise we didn't have a ton of names ready, but we decided on Andrew Konstantine and Daniel Elijah, because Baby A and Baby B were getting old after 37 weeks."")]"
"Birth story: ""Drink lots of water,"" or how I accidentally labored at home until 6-7 cm. (1st baby, 39w, 21h at home, 5h in L&amp;D, 8m pushing. Ultimately positive.)","[('0.3', ""I wonder how long I can go on those two little hours of sleep from the night before. I wonder if I'm going to lose my mind. A few hours pass. At 10:30 pm, I call my sister in law for support. A few more hours pass. At 12:30 am, I call my mom for support. While I'm on the phone with Mom around 1 am, I feel a kick, then a 'pop,' and suddenly I'm filling my pad. IT'S FINALLY GO TIME. I get my husband and we call the after hours line again. The OB says that my contractions will probably get stronger now that I've had the rupture of membranes.""), ('0.4', ""I had already told my husband not to speed when we got to the drive, and he went very precisely the speed limit on a dark and mostly empty highway. The first contractions wash over me like rough surf; I feel them in my ears. For the first time all day, I don't have to test whether I can talk through them. So I don't. We get to the hospital and as I stand up, more fluid gushes out (and misses my new pad). I feel giant and embarrassed and I tell my husband that I think I've wet my pants. After the next contraction, we hobble to the entrance, and the system takes over. I'm offered a wheelchair which I initially say no to because I'm embarrassed about the fluids on my pants. I get gentle pushback when it turns out I can't walk through my first contraction there. Triage involves me pulling down my pants to show all that fluid, and then I'm out.""), ('0.5', ""I'm wheeled to my room in L&amp;D. Medical things start. It's been 22 hours since this started, and since I last slept. (I also ate almost nothing the entire day.) I remember that they skip the step where I'd get into a hospital gown in the bathroom and just have me jump in the bed in my tank top, no more wet pants. I remember that I had two veins blow before we were able to get the IV stuff hooked up, and that I bled on the bed from the first one. I remember the nurse telling me that I had to breathe and me feeling embarrassed that I was just bellowing and mostly unable to comply. Sometime around this point, my first check happens, and I find out that I'm already at 6 or 7 cm. I remember at one point my nurse looks me in the eye and tells me that we're going to work toward an epidural but it might not be possible. He and the nurse go back and forth on some protocol things. I'm not entirely present; just trying to deal with my labor.""), ('0.6', 'We get me sitting up very, very still for the epidural. I get the epidural. Things improve from there. Also, they give me a giant waterbottle, in case I need water. I spend the next couple hours calmly letting the nurse position me with a peanut ball and coaxing the baby out of his little corner of the womb. We get up to about an hour before shift change and the night OB suggests that they have me labor down. The morning OB comes in and gets everything ready. The new nurse helps position me to push and offers my husband one bloated, completely numb leg. They describe what they want me to do to push and then say I should do a practice one. Everyone is very impressed with my practice push.'), ('0.7', ""I think they saw the top of baby's head. Okay, *now* it's go time. I feel like I have this three person pep squad for every push, and I feel a little disappointed at how many pushes it seems to be taking. I just want to please everyone by getting this baby out! A handful of minutes after we start, baby's head is out and the doctor starts working to help with the shoulders. Eight minutes after we start, there's a baby. I don't remember the sequence of any events at this point for sure, so my memory is that I get the baby first thing, right after a quick wipe from the doctor. I have this small, red baby (who still has some of the mess on him) on me. It doesn't feel real. One of my doctors at some point tells me that I won't be able to wait so long before coming in if I decide to have a next one.""), ('0.8', ""I find out later that my baby was born at more than 9 lbs, despite being a little early. It starts to make more sense to me *why* baby might have decided to come early. So here's my story! I wish I'd had more information that labor could look like mine did. (I didn't start thinking I was going to have the baby within 24 hours until about 3 pm the afternoon before baby came--and even then, I wasn't sure.) Because OBs kept telling me to drink water, I had started worrying that I was only in pain because I was dehydrated. But my time in L&amp;D was great, and now I have a great kid. So I'll take it. And I'll definitely do a thing or two differently next time....""), ('0.9', '')]"
"Graduated 10th May, here is my (very long) birth story. Planned unmedicated homebirth turned hospital induction with epidural, episiotomy and assisted delivery. Difficult but positive! (UK)","[('0.3', ""I can't even fully remember how to describe the pain but it is by far the most intense and painful thing I've experienced. Around 5pm: I was struggling to cope and I was only 4cm. I began the gas and air which helped me massively to regulate my breathing through the contractions. 6pm, 5cm dilated: The contractions were so intense and lasting around 12-13 deep breaths. I had a shot of pethadine at this stage (previously swore I would NOT want it) and it was bliss!""), ('0.4', ""I was like a happy, lovely drunk, chatting away to the midwife, telling my husband how much I love him. I could still feel the contractions but everything was goooood and I could rest a little. 4am(ish) Mon 10th, 9cm dilated but not progressing: By this point I was delirious with exhaustion, the pethadine had worn off and I couldn't keep my eyes open between contractions. I was confused, disoriented and exhausted. I was advised that as things weren't moving forward, I would need to start the syntocinon drip meaning the contractions would increase in intensity for approximately another 4 hours and I just couldn't do it, I'd hit a wall.""), ('0.5', ""I told the midwife I couldn't face it but the only pain relief left was an epidural (again previously didn't really want one and they knew this). At this point I would have chewed off my right arm for it to be over! 5am: Epidural started  and it was a game changer. I could see the contractions going crazy on the monitor but couldn't feel them (thank god!). My legs were heavy but I could move them.""), ('0.6', ""9:15am: I'm fully dilated but having no urge to push. The midwife tells me that things need to get moving due to the length of labour and risk to the baby. The consultant is going into theatre and will need to carry out an assisted delivery if the baby is not here by the time she returns (approx 1hr15). Between her and my husband, they coach me through approx 1hr 30 of pushing which was so difficult due to the lack of feeling due to the epidural and no natural urge to push. Around 10:30am: I am making progress but baby is facing the wrong way which makes pushing extra challenging so an assisted delivery was required.""), ('0.7', ""Again, not what I wanted, but by this point, I am DONE! I just want her here safely and I don't care how it happens. The consultant is able to attach the kiwi cup without an epistomy as she was so low. Pushing continued with assistance of the kiwi cup. I swear the consultant was pulling with so much force that she would have flown back across the room if her hand slipped üòÇ\n\nI then had to have an epistomy and although the epidural meant I shouldn't have, I felt it!""), ('0.8', ""So had a further local anesthetic injection (didn't feel it). This was one of my biggest fears and again, it wasn't even that bad. They began telling me her head was coming and after glimpsing down my husband looked at me crying and said he could see her face!!! 11:12am: She FINALLY arrives into this world and they pass her straight up to my chest. I could NOT believe it.""), ('0.9', '')]"
"Very positive birth story! (natural home birth, hypnobirthing)","[('0.3', 'I labored for 3-4 more HOURS and was totally gutted when she showed up again and I was only 4 cm dialated. I‚Äôd been vomiting a lot and having a hard time staying hydrated, and this is where my mental game started to break down and I became very reliant on my doula and husband for encouragement. I started to believe I was going to have to labor for another 24 hours or so at that rate, and wasn‚Äôt expecting the intensity with which I would long for an epidural and to be taken to the hospital between 1am and 4 am on the morning she was born. I believed for some reason that labor was a steady and linear progression, and at one point I would collapse into my husband and say ‚ÄúI can‚Äôt do this‚Äù at every surge. Eventually, the hypnobirthing training kicked back in and I had a moment of clarity where I realized that if I didn‚Äôt BELIEVE I could do it, I certainly would not be able to.'), ('0.4', 'I realized I needed to affirm for myself that I could do it EVEN IF I wasn‚Äôt able to believe it fully in the moments of pain. I asked my husband to MAKE me change the narrative and say ‚ÄúI can do this‚Äù on each surge. Whenever one would come I‚Äôd say out loud ‚ÄúI can do this.‚Äù And he would repeat ‚Äúyou can do this,‚Äù and the doula would say ‚Äúyou ARE doing this.‚Äù Eventually, I started to believe it with these positive affirmations. My doula realized that a lot of my discouragement was stemming from the belief that I wasn‚Äôt progressing, so she called the midwife back to measure me again, and I was delighted to be told I was finally at 7 cm. This marked a turning point for me, and I entered the last part of labor with a new resolve and calmness and clarity‚Äî I kept telling myself ‚Äúthis baby is going to be born at home, exactly the way I‚Äôve wanted it.‚Äù In hindsight, going from 4-7 cm was very difficult for me.'), ('0.5', 'From 7-10 progressed much faster, at about 1 cm per hour. I didn‚Äôt realize that labor could go quicker at the end, and that the final stretch would feel better than the transition period (for me at least). My advice for other moms is to keep your affirmations positive when the going gets tough, and to realize that it‚Äôs exactly when you feel like you can‚Äôt go on that you are rounding the corner on the most difficult part and approaching the finish line. At the end, crawling into the birthing tub to deliver was a big relief. The baby spent my entire labor sunny side up and only flipped at the end, so I was having intense back labor.'), ('0.6', 'It helped when my husband pushed on my lower back and my doula put her thumb on my ‚Äúthird eye‚Äù between my eyebrows and pushed and told me to focus only on that pressure point. That redirection of my focus helped immensely, along with her guiding me through a lotus flower opening visualization. I had two mental blocks in my head that needed to be fixed for me to finally give birth: one was that I had drilled it into my head that I shouldn‚Äôt be on my back. What I didn‚Äôt realize was that being on my back IN THE WATER would be comfortable for me, much more so than on a bed or hard surface where the sacrum didn‚Äôt have room to open up. The second was that it was ‚Äúwrong‚Äù to push.'), ('0.7', 'I felt a strong desire to push towards the end (along with a feeling that I needed to go #2) but was held up because I wanted to ‚Äúbreathe down‚Äù the baby. Eventually the doula convinced me to try pushing and taught me how to push more effectively during surges by explaining to me that if I was pushing I couldn‚Äôt physically breathe at the same time, so I needed to take a deep breath in, push on the exhale for 10 seconds then STOP pushing while I breathed in again. This was very helpful to learn and pushing felt right for me towards the end. As I rounded the corner on the finish line, I could reach down and feel my water sac and, directly below it, her head. I felt strongly that baby was coming soon and that the sac was in the way, and asked my midwife if I could break my waters.'), ('0.8', 'I reached down and did it myself, which felt pretty metal/baller. Next I could feel her head and when I yelled to my husband that she had hair, he lost it and started to cry because it felt so real and close to go time. A few pushes later, and she was out! She has been so healthy, happy and calm‚Äîour perfect little angel. Its entirely possible that we just got lucky, but I truly believe that because her birth was natural and not traumatic that she has been calmer and less fussy than many babies.'), ('0.9', '')]"
STM positive planned home birth story!,"[('0.3', 'By the time she arrived around 10:00 the contractions were unpleasant. She did a cervical check and I was 5cm dilated so she started to get all of her equipment set up. Did you know that midwives here carry the equivalent of a community hospital‚Äôs equipment with them? It was a lot of stuff! As things intensified, I hopped into the bathtub around 11:00 to help manage the pain, focusing on breathing through each contraction. Thankfully at this point the baby had stopped moving so much and we were able to find a good heartbeat.'), ('0.4', 'We almost had to transfer to the hospital because her heart rate was too high, but we could physically see her moving so the midwife gave us a few extra moments before making the call. She said they look for ‚Äúpink flags‚Äù rather than ‚Äúred flags‚Äù and always error on the side of caution. Sometime around 11:30, the bath was no longer cutting it so I tried the shower instead. I remember thinking during the few minutes in the shower that I had made a horrible mistake and I wanted the epidural. It turns out that the pain I was feeling actually meant it was time to push! However, I didn‚Äôt know that at the time and asked if it was okay if I used the toilet since I felt the need to poop.'), ('0.5', 'The midwife said okay and called her backup midwife. None of us realized how quickly things had progressed and when the midwife asked me to get off the toilet and I said I couldn‚Äôt, she jumped into action. She and my husband managed to get me onto the floor of the bathroom and after a quick look she announced the baby was coming! She asked if I could get to the bed and I said no... and seven minutes of pushing later, our little girl was born. Pushing without an epidural was incredible. I‚Äôve heard people say your body just ‚Äúknows‚Äù what to do and that was the case.'), ('0.6', 'It felt so good to relieve the pressure and while I felt the ring of fire (literally saying, ‚Äúoh this is the ring of fire everyone talks about!‚Äù, it was more of a sensation than actual pain. The placenta was delivered without issue and I only had a small tear that didn‚Äôt require stitches. Getting to climb into my own bed after delivering and having a shower in my own shower after our golden hour was amazing. Our backup midwife arrived shortly after delivery (oops!) but was great at making sure we got settled. Our primary midwife stayed with us for three hours post delivery to make sure all was well and we had a home visit the next day and regularly for the next two weeks.'), ('0.7', 'Having had both a hospital birth and a home birth, both attended by midwives, the only con of the home birth was the fear of not having an epidural. However I was mentally far better prepared to handle the pain knowing I wouldn‚Äôt have the option of an epidural, and I actually found my labour less painful this time around than it was before getting the epidural last time. Besides the convenience of being at home, it was also lovely to have a more intimate experience. My partner is pretty shy and got a bit lost with all the people at the hospital. In contrast, at home he was one of two people there and played a way more active roll. It was very peaceful labouring at home with dim lights and the quietness compared to the hustle and bustle of the hospital.'), ('0.8', 'Clean up was a cinch and the midwives do a lot of it. It was great not having to get into the car with contractions, and not having to wait to be discharged to come home. I think not having the epidural really helped me push better (7 minutes this time compared to 2.5 hours with my son). I couldn‚Äôt feel the contractions when pushing with my son and definitely had to work to push effectively. This time I was just on autopilot. Less pushing also made for an easier recovery since there was less swelling and my muscles weren‚Äôt as tired and sore.'), ('0.9', '100% would do a home birth again!')]"
"Graduated at 40+4, planned semi-assisted all natural home birth with 30 minute labor.","[('0.3', 'I was in the tub for an hour, and was getting results ranging from intervals of 2-3 minutes, with the cramps lasting anywhere from 20-45 seconds. I thought I was still having false contractions and we would be in it for the long haul. My partner arrived 30 minutes into me being in the tub, and he laid down on the floor next to me. We talked and I would pause to breathe through a cramp every so often. The intensity increased and I decided I wanted to get out of the tub. Upon getting out the intensity hit me, and I hobbled to my bed and sat on a towel.'), ('0.4', 'These were definitely contractions, as it was an all-encompassing experience. I had no choice but to be vocal during them. I continued breathing, practicing remaining open, and my positive yelling for 10 minutes, after which my doula called me and instructed me to head over to the birthing space. When I got up, there was blood on the towel and I had to stop in the door frame to face another contraction. My mom and partner quickly gathered the go bag and we ran out the door. Once in the car the intensity ramped up again and there was no relief.'), ('0.5', 'I was sweating so I rolled the window down. I was trying to avoid pure pain screaming so I yelled ""I\'M HAVING A BABY"" and ""YESSSSSSSS!!!!!"" and ""LETS FUCKIN GOOOOO!!!!!"" out the window, lmfao. My partner was turned around in the passenger seat to face me in the back, reminding me to breathe when I forgot. Four blocks into the drive, my water broke and I immediately felt the need to push.'), ('0.6', 'Like, she wanted to be born right there in the car. I yelled to my mom to hurry up as if there was anything she could do about the red lights and traffic. YES it is also true that it fees like a huge poop coming through. We got to the birthing spot 10 min after leaving my house and I hobbled to the door to meet my doula. Once in the stairwell of her building another major contraction came on, and I had to resist her coming out right there. After it passed I ran up three flights of stairs (yes at 10 cm dialated), got inside, threw off my clothes, and jumped in the tub.'), ('0.7', 'I checked my dialation and literally just felt my baby\'s head, which my doula confirmed after me. My partner got behind the tub and was right next to my ear, comforting me. One more round of contractions and I was yelling ""LETS DO THIS!!! MY GIRL IS HERE SHES COMING!!! and readied myself to push. I gave 3 good pushes and she crowned, I yelled about the burning, and boom, at 5:14 pm, \\~15 min after arriving she slipped out into the water.'), ('0.8', 'I watched the whole thing. My doula placed her on my chest and she immediately cried, then opened her eyes to look at me! I was in awe of her beauty. I kept yelling ""we did it!!!"" and welcoming my baby. After a bit in the tub i got out, placenta still inside and attached, and rested on a bed in the resting room.'), ('0.9', ""After an hour I gave birth to the placenta which was more work and took longer than the baby. She stayed attached until the cord lost color, and we then clamped and cut it ourselves. We rested more and took her home that evening. I have already lost all 20 pounds I gained and I didn't get stretch marks. RIP my core strength though. Excuse me while I go ice my snatch."")]"
"Birth story - Very positive homebirth (waterbirth) during covid - baby girl Rory 8lb6, 40+6, 4hr labour","[('0.3', 'By 5am my surges were about 4-5 minutes apart, we called my midwife and SIL (who is actually also a midwife, but was coming to be with my son) and they arrived by 6 &amp; 6:30. My husband filled up the birth pool while we waited for them to come. I pretty much only laboured leaning on the side of my bed on my knees at this point, with my husband putting counter pressure on my back while I practised my breathing (counter pressure was SUPER effective my entire labour). Once the midwives arrived they checked me and baby etc, and I decided to try the shower, leaning on a fit ball while my husband pointed the water at my lower back.'), ('0.4', ""We did that til around 7-7:30 (I think ü§£) and I was coping well, so I honestly thought I had a while to go. I was never checked for dilation and honestly it was great because I think knowing how far I had left would have be hard to deal with either way ü§£. So after that I got into the pool and it was so nice. My midwife gave me a bit of a massage on my lower back during my last few surges and I squeezed my husband's hands.""), ('0.5', ""Once I got into the pool I was feeling pressure in my butt but I couldn't feel her head or anything so I thought I had quite a long time to go. I was still getting probably 2-3 minutes between surges so I was getting a good rest, and then out of nowhere it became super powerful and I was seriously struggling to breathe through. On the exhale I was moaning/screaming (lol üò≥ I think I scared my husband haha), by this point I was like, what have I done, I bet I have ages to go and I'm struggling. What I didn't realise was I was already in the 2nd stage of labour.""), ('0.6', ""Then within 10-15 minutes my water broke and she was born ü§£ü§£. She was born at 8:18am so roughly 3-4 hours of active labour. Honestly it was totally polarizing compared the my son's hospital birth, I would do a med free homebirth over and over again, I felt completely supported and the midwives were super amazing never once did it feel scary or like I wasn't in good hands. Not once did I stress and think I couldn't get thru it, which is honestly why I thought I had a really long time to go.""), ('0.7', 'So I had a little tear near my clitorus (Omg. I thought she was gonna tear my clit off coming out), and a little internal tear. I ended up with 2 stitches. I struggled with the stitching up part more than the bloody birth ü§£ü§£.'), ('0.8', ""Our first night was pretty great, we have the Snoo bassinette and it really helped me and let my husband get more sleep because I expect him to take care of and occupy my son while I'm busy with baby (he's a SAHD so we're lucky we can divide and conquer while I'm on mat leave, I'm having about 5 months off)\n\nSorry this is sooooo long if you have any questions about homebirth or whatever feel free to ask!! I'm in Melbourne, Australia if that helps. Sorry just wanted to add I think doing the Positive Birth Company's hypnobirthing online course was 100% the reason I made it thru so well so if you haven't done any courses I'd HIGHLY recommend this one. I truly truly wish I'd done it for my first birth.""), ('0.9', ""Here's a couple photos from the birth :) \n\nhttps://imgur.com/a/3Vj0BwV\n\nP.S. my hospital wasn't restricting birth partners but they were restricting all siblings and I felt lucky I had already prepared for a homebirth because the thought of going into the hospital at this time (I know many don't have a choice) was scary to me. My little babe is 2.5 weeks old now and we still haven't had to go to hospital, we had home visits (which is a standard part of care here anyway)\n\nThank you to everyone who made it to the bottom!!"")]"
My positive home birth story,"[('0.3', 'I spent the afternoon napping and pulling on the Foley and it popped out a few hours later; I should have been at a 4. Then I started pumping. That actually worked pretty well to start contractions, but I went to bed and in the morning they had faded away. I pumped several times Tuesday morning with no results, so the midwife suggested starting castor oil. No, it was not ideal and I definitely wouldn‚Äôt recommend it unless you‚Äôre desperate.'), ('0.4', 'I went to my scheduled 42-week BPP ultrasound in the afternoon and little man scored an 8/8 and my fluid levels were awesome, so I went to the midwife again for another check to see if things had improved. I was at a 4, anterior and about the same effacement. So, progress, but not great. The castor oil had only kicked in a little bit at that point, but by the time I got home from my appointments, I stared cramping. I worked for another hour to wrap up the last of my duties before taking leave, and by the time I was done I knew I was in labor.'), ('0.5', 'Castor oil is no joke, especially for someone with horrible hemorrhoids, so if you decide to go this route, just know that it is awful ‚Äî though like with anything, YMMV. I almost think the cramps the oil brought on were way worse than early labor contractions. I labored with my husband until about 10:30 when the first midwife came because I was having 1 minute contractions about 2 mins apart. She helped my husband fill the birth pool so it was ready, and I bounced on my ball and walked around. By this time the castor oil had made its way through my system, so I could tell the difference in my contractions and they were definitely uterine instead of intestinal.'), ('0.6', 'I got in the pool when things started intensifying, though I couldn‚Äôt tell you if that was transition or not. The pool was magical! It definitely helped with the pain until I got to pushing around 2:30 a.m. \n\nBy that time the second midwife and their doula/midwife in training arrived, which was a nice addition. I pushed for 3.5 hours in the pool, on the toilet and in my living room, but my bag of waters refused to break! It wasn‚Äôt until the last 20 minutes of pushing that we decided to break my bag, and right before we did, my midwife had me do one more push and feel the bulging bag.'), ('0.7', 'That‚Äôs when it broke all over the tarped floor. My fluid was completely clear with no meconium even though he was way overdue and I‚Äôd taken castor oil. Things got real very fast at that point, and before I knew it, my baby was crowning. Omg, it was the worst pain ever, but feeling his head gave me so much hope that it was about to be over. I just kept telling myself that I was almost done while my husband encouraged me on (he was an amazing birth partner btw, cheering me on and holding my hand the whole way).'), ('0.8', 'I took a few contractions to get through the ring of fire because I didn‚Äôt want to tear, putting pressure on my perineum and above my vagina. On my final push, he came out in the water all at once, and I grabbed him and pulled him up to my chest. It was amazing!! All the pain I‚Äôd been feeling was gone and he was alert with eyes open almost immediately. He pinked up quickly and we moved to the bed to birth the placenta.'), ('0.9', 'Once it was out, he spent about an hour attached to it to get as much blood as possible while we did skin to skin. I got to shower while my husband did skin to skin and then he cut the cord and baby got his checkup. The midwives left about an hour later and we‚Äôve been in bed since, enjoying our time as a new family. He‚Äôs breastfeeding like a champion and we‚Äôve already had our first meconium diaper change. I can‚Äôt recommend home birth enough if it‚Äôs something that interests you. Being home the whole time was amazing and, frankly, I can‚Äôt imagine being in a hospital to give birth unless it was medically necessary. Of course, we had a backup plan to transfer to a hospital if we had to, and I almost gave up and told them to take me in, but I‚Äôm so glad I never vocalized that. I got the birth I wanted for me and my baby, and couldn‚Äôt be happier.')]"
